student_id,course_name,enrollment_status,timestamp
5694e8a3-123b-4c79-9eae-7e16941a545e,Ciência de Dados,SUSPENDED,2026-03-15 14:39:43.847840
f7b960a6-2c4d-4972-84d0-b7614e46afd6,Ciência de Dados,DROPPED,2026-01-05 14:09:10.681482
2cfa1c18-8ca1-4cb2-b36c-4873a9fb2a51,Administração,ACTIVE,2026-01-26 11:04:45.405111
8c90b9df-f1c9-4c3c-b0cb-1eb0d38d5b14,Direito,DROPPED,2026-01-25 10:06:50.249552
3db44535-f747-4b95-836a-8d5c23e595b5,Ciência de Dados,GRADUATED,2026-02-24 04:50:09.727880
a05e980f-9926-4973-86a8-ba4a1c3bfcbf,Direito,GRADUATED,2026-03-02 07:59:14.518627
62e9709a-5c8d-48d7-a8c4-f9941dd391ba,Administração,GRADUATED,2026-01-08 12:05:48.713369
d4b1402c-6d17-4e26-a79d-2c81710bd222,Administração,GRADUATED,2026-03-02 23:14:21.160458
627889dc-03ff-45d5-a5cd-cbcce668e7ec,Engenharia de Software,SUSPENDED,2026-01-21 02:56:09.587023
33f4487a-2d92-4b4a-8390-6a19ac489a2a,Direito,DROPPED,2026-03-13 05:21:02.162570
5eafe86e-2743-40c4-aa96-5f5946b3ddfe,Engenharia de Software,ACTIVE,2026-02-24 12:50:49.652934
e3398222-40b5-4d89-85cf-5494cc20987d,Administração,SUSPENDED,2026-02-01 00:47:50.855160
2688e668-afe7-4c46-8780-4ba050e5f5e6,Administração,SUSPENDED,2026-02-07 07:05:21.336872
2c8cdfed-62a3-4259-9e9d-d371ca3a3391,Direito,ACTIVE,2026-01-01 02:31:22.419254
87ac32fd-bddb-4d3a-8e69-327e410abe8f,Ciência de Dados,SUSPENDED,2026-01-05 11:56:24.906616
0eb513c1-c9e7-41d9-9a1f-2dddc9aa6fd4,Direito,DROPPED,2026-02-05 18:29:37.865892
5605a7ca-294b-489b-b3f2-e2558aa39af9,Ciência de Dados,DROPPED,2026-01-21 23:15:59.044958
2a57540c-e7f7-48d7-b9d2-d81d1e021cff,Administração,DROPPED,2026-02-20 04:27:36.270278
b4aaf072-bb19-4954-bf2f-effc8938c3df,Administração,DROPPED,2026-01-08 11:53:36.692644
6a9c7fc9-55fc-4ac9-8a92-61476416ee03,Ciência de Dados,ACTIVE,2026-02-20 12:15:09.139432
54dd5da4-8f00-4e93-8c6b-5419fbc8aef1,Engenharia de Software,GRADUATED,2026-03-10 15:36:45.564443
353f4dbf-3ff9-420e-b47f-8193e52e11d6,Direito,ACTIVE,2026-02-02 18:21:21.054976
e0b5dc09-8033-4621-8c4f-b59912d626a6,Engenharia de Software,DROPPED,2026-03-11 18:17:59.777788
8ca3f3b0-6fb2-421e-bc05-75bb0466929a,Ciência de Dados,SUSPENDED,2026-02-24 03:38:06.030735
d5f40cb8-b018-4401-b2ec-f3b0dbf5484f,Engenharia de Software,ACTIVE,2026-03-17 20:12:06.060873
accf441b-6515-48a6-ba28-e0959348d9d8,Administração,SUSPENDED,2026-03-10 19:24:47.524500
4d4e718e-03e2-4035-83f5-2e108bf8ba45,Engenharia de Software,DROPPED,2026-02-24 17:03:05.444512
50de9ad4-cdaf-4460-8505-742c35425ea9,Administração,ACTIVE,2026-02-20 14:23:12.935035
4f6bbf81-f277-44c1-921e-c2661ef70bf4,Ciência de Dados,GRADUATED,2026-02-05 21:22:27.590409
67abfc99-ca5a-4db2-b78a-7be8b60723ed,Engenharia de Software,ACTIVE,2026-01-15 15:40:32.610162
974c6218-f877-47d6-beba-ec76a1fa83bb,Administração,DROPPED,2026-03-21 17:30:29.004544
1c02e020-6214-40de-bb0b-37748628af27,Engenharia de Software,SUSPENDED,2026-03-21 04:14:56.582476
f721695a-0862-48b1-b125-a7a0b2962a81,Administração,ACTIVE,2026-02-06 17:08:30.362917
fc211166-334f-4754-9f2a-29ed53a5e08b,Administração,ACTIVE,2026-03-21 21:09:07.408309
f0f818cd-d0ab-4562-bed2-34933d765268,Direito,SUSPENDED,2026-03-01 06:23:47.140802
08b6bf73-57d8-4675-9f7b-e9bb3b3557f8,Direito,SUSPENDED,2026-02-17 11:47:29.027821
882272b2-184c-4aa1-a1e3-449f07f42789,Direito,SUSPENDED,2026-02-03 01:19:01.337539
9c955f24-98b7-484d-b1d1-ee1afd1a8cb5,Engenharia de Software,SUSPENDED,2026-03-04 07:02:39.263640
d7e561e7-73c0-4c07-8edb-cb85ce974b61,Administração,ACTIVE,2026-01-13 00:11:08.790610
cfca9b1f-c6c1-49bb-b45f-6b734b9f167f,Administração,SUSPENDED,2026-03-08 07:37:49.198362
4ea86dac-559f-4dfd-8917-4b9f80127977,Direito,ACTIVE,2026-01-07 09:32:49.975190
f614f4bc-01b4-41b6-b2e9-f35bba929f7b,Direito,GRADUATED,2026-03-02 01:27:35.570215
bdcf0963-15c6-4eb0-863a-547c982cae3d,Engenharia de Software,ACTIVE,2026-02-20 18:00:06.597723
53a0d86c-1e65-4d65-98f4-f3b3ce23341e,Administração,GRADUATED,2026-02-09 03:23:20.028564
8c723318-a1cf-46c8-a21d-5e47f7b15e89,Administração,GRADUATED,2026-01-24 23:37:10.238829
1b3002e6-5250-4599-b909-3a1019a1b95a,Administração,ACTIVE,2026-01-16 18:02:53.631562
43a681dd-d806-46af-93ba-5a98dccbe9a2,Administração,DROPPED,2026-03-29 15:39:03.145143
c53133e0-6554-4125-ae61-9277c21824e5,Direito,DROPPED,2026-02-09 06:49:22.085722
9e1ae346-0ba5-42f0-9bca-412527f4f1bb,Administração,DROPPED,2026-01-16 12:42:20.532605
33188cf2-03a0-441d-b9e8-595488a3cab9,Administração,ACTIVE,2026-01-25 04:32:09.778991
e30ca245-81d5-4ac6-a687-dc757d53e5c9,Engenharia de Software,GRADUATED,2026-03-22 11:00:24.439401
88e326ff-bcd4-4759-9cc9-47e608f69660,Engenharia de Software,ACTIVE,2026-01-16 19:15:17.324816
3e6593e2-e50a-486f-a587-413f1acb9a0b,Ciência de Dados,GRADUATED,2026-03-25 00:28:12.642023
c71d0e3b-81d9-470d-aa88-fe5185fe88fd,Administração,GRADUATED,2026-03-27 23:10:55.536828
0ecd3a27-4eda-487e-bd6d-b7ed40c4b9c2,Direito,GRADUATED,2026-01-29 05:34:37.419388
25378137-cc88-4e9d-b54c-4dca94880a2e,Administração,ACTIVE,2026-01-17 21:16:53.081635
8510d9df-4ccb-4b9f-9c0e-ff7f2828c575,Engenharia de Software,DROPPED,2026-02-07 10:23:33.634156
d44c7769-c958-490c-81a9-aafb4309c51d,Ciência de Dados,ACTIVE,2026-02-26 23:18:53.821218
a9a5aa57-3620-43d9-be16-264b84c96b12,Ciência de Dados,SUSPENDED,2026-02-03 19:35:09.986894
50144ea4-27c0-4062-870f-ae71d62ca61c,Direito,DROPPED,2026-01-07 13:59:17.409390
a8f16869-4ddf-4ce8-a72b-24b64d48cb3c,Engenharia de Software,ACTIVE,2026-03-09 09:20:18.354983
548fa08a-7d54-4f77-b759-ac5752890b37,Direito,SUSPENDED,2026-02-13 12:44:47.582829
495a4856-6e49-4445-b7b8-5bfd14f174d1,Engenharia de Software,DROPPED,2026-03-18 06:46:19.343482
fd3620bc-9ab3-4a81-ae7c-87794c44063f,Administração,SUSPENDED,2026-03-03 15:19:22.401245
a7e96b67-e353-48c3-aa4d-bf6a38b1fc08,Administração,DROPPED,2026-01-30 12:27:45.735708
e3d2d18c-d410-40a1-b7d6-ad9ea7c03a73,Engenharia de Software,SUSPENDED,2026-03-27 03:45:44.690073
5941c72c-d285-4eea-9d22-8363d9951129,Administração,GRADUATED,2026-03-18 05:38:36.982548
5f763d3c-2142-486d-bdea-0948d62e0046,Engenharia de Software,DROPPED,2026-02-24 19:19:12.031470
8b1d0a90-1de5-41ee-bf88-2d0e037a0f4d,Direito,ACTIVE,2026-03-28 16:11:09.732714
e88973ae-17e4-428e-8d5c-754b924f3c0f,Administração,DROPPED,2026-01-31 06:54:29.207065
0406b0ef-da10-46cf-971f-3bb9228d4856,Administração,ACTIVE,2026-03-24 16:23:40.364069
814e7bdb-95e5-4cfe-a61c-2992d9400e61,Direito,SUSPENDED,2026-02-13 21:19:50.909341
311a47ac-eedd-426c-9ce2-0e2a698f25f3,Ciência de Dados,DROPPED,2026-03-27 15:18:33.206007
f82d2532-1738-4988-8f23-8b22fe60dfb7,Administração,DROPPED,2026-02-03 23:15:24.887429
e5eb0661-ab59-4bbe-aa88-97893bd75853,Direito,ACTIVE,2026-02-18 09:12:19.298920
13b0248b-9d4b-41eb-afce-aa817a6eaf35,Administração,ACTIVE,2026-01-14 02:36:01.641433
7ae6a084-77b4-42b0-b94a-b272f1651dac,Administração,GRADUATED,2026-02-03 10:31:56.303377
c59dee6e-125a-43e8-8bb7-ab2e4f4098a2,Engenharia de Software,ACTIVE,2026-03-03 17:27:06.666238
22b1cc57-75ee-4ecc-8d53-78bbebcb1bc3,Ciência de Dados,SUSPENDED,2026-01-20 21:34:25.573560
80ed4530-7944-49ab-bdeb-5830c5c04ece,Direito,SUSPENDED,2026-03-05 08:33:30.612129
0e00ecfe-eb49-4d8d-a117-ca6b80a7e11b,Ciência de Dados,DROPPED,2026-02-27 09:47:25.575791
abba045d-866f-44c3-a7e5-918e39eee12a,Engenharia de Software,SUSPENDED,2026-01-19 07:01:52.758894
4a7eae46-3151-4562-902e-f8087aafde0e,Engenharia de Software,DROPPED,2026-03-09 02:38:40.149145
c6ca72f7-9691-4acb-9368-5527d64bcdc6,Engenharia de Software,DROPPED,2026-03-29 01:15:40.618980
6282cb5d-e3f3-46f6-a63e-7f30c84f812a,Engenharia de Software,GRADUATED,2026-03-26 15:21:46.271620
353fbf2f-7ab5-4a73-b8c2-65600784e82b,Direito,ACTIVE,2026-01-22 08:51:49.981405
1c43e888-5182-4a4e-bf60-3506eafe2626,Engenharia de Software,GRADUATED,2026-02-25 18:32:57.647403
6b06d2cd-49c5-49a8-a95d-e078793e408a,Ciência de Dados,DROPPED,2026-01-16 15:32:44.382615
15d74451-0892-4d5b-9685-08ece9f9ae3c,Direito,GRADUATED,2026-03-08 01:06:26.725785
6db7ce1b-7204-4063-8624-61f6bdcdae21,Direito,DROPPED,2026-02-20 05:21:31.268767
c0d64139-665a-491d-ba53-11feaab9b334,Ciência de Dados,ACTIVE,2026-03-05 13:40:47.466526
3b83fdbc-557e-4b33-abf1-e6040861b7df,Administração,DROPPED,2026-02-21 04:10:35.739070
fad41efb-4a83-431a-a808-f731ab10242e,Direito,SUSPENDED,2026-02-27 11:53:03.814802
962af260-4e23-4608-9709-9182f1f6b5dd,Administração,SUSPENDED,2026-01-01 00:54:48.496874
1fc96994-7fdf-48b5-88c0-48081897d912,Direito,ACTIVE,2026-02-18 12:29:55.074423
8d8ce5ec-5012-4f8b-a82a-cb515118e6b8,Administração,SUSPENDED,2026-01-11 06:27:10.422160
aca7a3ed-ac40-4c82-97dd-15549afea2c3,Administração,SUSPENDED,2026-02-04 10:25:41.182742
f536d583-4d0e-48d6-b113-f4df937fb041,Ciência de Dados,SUSPENDED,2026-02-18 18:18:54.682832
4561701c-fb30-48e9-94eb-6dec5e7d485e,Ciência de Dados,SUSPENDED,2026-01-06 19:25:12.730453
c32ef6bf-e1d3-4ebf-93d7-6b8f4464d0c9,Engenharia de Software,DROPPED,2026-03-09 01:50:19.401220
f98f76c2-7641-42e0-8688-725e0b645c07,Engenharia de Software,ACTIVE,2026-03-18 09:53:50.342185
feeb24b4-800e-421b-bb7f-91feadf2042a,Administração,GRADUATED,2026-01-03 10:10:24.701023
471c32ac-aa74-4df6-8639-558b1ef7e83d,Direito,ACTIVE,2026-03-17 01:19:15.715338
14853b4b-f93e-4899-ba37-db29a61054dc,Engenharia de Software,ACTIVE,2026-01-11 01:57:06.223033
4bd247ba-1a23-4f11-8ea6-a4a38073795d,Administração,DROPPED,2026-01-05 06:26:17.428794
4f73c603-7e80-4497-970e-2526fc1f34d7,Administração,SUSPENDED,2026-01-23 18:48:10.110876
a9abc740-2614-4c77-b7a9-9828a878fd4e,Administração,SUSPENDED,2026-01-26 18:00:48.080976
bf46f1db-cda2-4103-9990-3cb1cfff1ac8,Administração,DROPPED,2026-01-01 22:43:35.431804
8707677a-a068-4380-ab91-3c8bb2688568,Ciência de Dados,DROPPED,2026-03-24 21:29:43.213300
5d5d9b9a-e6d3-4f20-a927-1b39cb484754,Engenharia de Software,SUSPENDED,2026-01-16 02:24:38.436464
697dd964-8997-40bd-9918-5da40e8c1699,Direito,GRADUATED,2026-02-28 00:00:31.118846
ef8a625a-b1d9-4b2d-aac2-372066dd1157,Direito,ACTIVE,2026-02-09 17:01:35.744964
b7be0337-97b2-470f-b93c-7082f3aefb41,Administração,GRADUATED,2026-02-06 21:08:17.389531
1ad66ec4-3bd2-4a0e-ae6f-4a240c53a5c9,Administração,ACTIVE,2026-02-08 14:18:01.280874
0034c1da-0293-448e-bbf2-6332b1adfd82,Direito,DROPPED,2026-01-03 19:28:54.028753
1a015260-e52f-427d-a235-8334931533b4,Direito,GRADUATED,2026-01-19 09:45:13.491980
bff3e483-5f90-4979-b9ed-af26288f7973,Direito,SUSPENDED,2026-02-22 11:31:48.944017
03ff9840-07be-46b3-8345-11642b49f47e,Administração,ACTIVE,2026-03-11 04:43:04.781260
9e763faa-8f52-441c-8cb4-ff4f78caffa0,Administração,SUSPENDED,2026-01-18 15:00:49.544496
ce9a0da5-59f8-41f0-9156-389d7b4a2eba,Ciência de Dados,GRADUATED,2026-03-15 10:41:16.903903
f57d185d-126a-4ab8-879c-9d81872dad3a,Direito,ACTIVE,2026-03-26 17:26:53.203544
1797d360-ae6f-45a5-b112-6b64301d7b28,Direito,DROPPED,2026-03-05 07:19:41.658161
26845c2b-30a3-459f-a845-cdf62c877e21,Ciência de Dados,DROPPED,2026-02-01 02:29:45.788230
809cbd52-2b17-4fe2-8260-78d2a02fbc44,Direito,DROPPED,2026-01-01 16:24:11.859448
91f2fe41-cc3a-43b8-a616-0ecfb6a60cd5,Direito,GRADUATED,2026-02-23 00:56:35.362797
365b6e69-1e75-45bc-baa2-bd94c1667109,Administração,ACTIVE,2026-02-25 02:54:59.679297
e6ba04f6-c7d7-4cc2-9b34-8f636c26102f,Ciência de Dados,ACTIVE,2026-02-12 00:33:58.950282
d2d94884-1aad-4a64-a160-aa086bffaed3,Ciência de Dados,ACTIVE,2026-02-02 23:11:45.919182
ee04e10f-0283-4b9c-b1e1-059695bce948,Ciência de Dados,GRADUATED,2026-01-31 01:41:53.823549
5c3578b6-8a2a-4fb2-a4b8-60d67b2b3a7e,Engenharia de Software,SUSPENDED,2026-02-03 13:30:53.682123
50df73e2-36d4-489b-8d8a-f7621116d931,Ciência de Dados,GRADUATED,2026-03-02 02:07:51.063091
97bcadc8-7b25-44b7-bf70-78e6d63c0e05,Ciência de Dados,DROPPED,2026-01-27 17:00:13.847505
cad7ffa5-3334-4295-bbca-ce9eba59bb88,Ciência de Dados,GRADUATED,2026-01-23 19:29:14.707577
5a57f732-e568-474f-b930-c4cca918bca4,Administração,SUSPENDED,2026-02-05 01:39:06.659640
f01ced62-b1b5-4280-889c-d5cfd4d3b1be,Direito,DROPPED,2026-02-15 05:36:01.089394
1134bf8c-8e40-40a8-ad2d-87bbc1cc69cf,Direito,ACTIVE,2026-02-17 20:10:38.213547
eff9e8d1-b07f-46b4-ae84-2a2f44b6d827,Administração,ACTIVE,2026-02-27 23:10:48.842745
83cbb1c8-3076-4a7c-b1b3-b477b518b528,Engenharia de Software,ACTIVE,2026-02-23 00:05:53.718132
7cf0211e-8651-44c7-91c1-0c7cb5e44fbd,Administração,ACTIVE,2026-03-20 10:51:56.184608
df5c0645-b540-4bac-a082-379d783ff39d,Administração,DROPPED,2026-01-14 18:36:25.002235
d3e70db2-8f4d-4b48-b6c2-af01c058037c,Direito,GRADUATED,2026-01-25 11:20:10.036737
71a94544-5b43-4fab-94ec-0117c660af2d,Administração,SUSPENDED,2026-01-02 06:33:36.918752
4076fff1-bb45-4ee2-b98c-34965ea63dd8,Administração,GRADUATED,2026-02-25 03:27:38.273224
354f26b7-7981-436f-b7ba-46af33e10e57,Engenharia de Software,SUSPENDED,2026-02-26 14:03:56.215028
fe4d09b3-8cc8-4753-a09e-a267e7dd8cf4,Administração,GRADUATED,2026-03-07 03:58:00.441719
72a44355-61e5-4c79-a8f8-22d63258e9c2,Administração,GRADUATED,2026-02-10 09:19:31.784692
a955d184-37a6-4175-945b-440fac87ecb1,Direito,ACTIVE,2026-02-03 20:48:36.215667
34f3a332-50c6-482c-9c6a-c2d99da04ae6,Ciência de Dados,ACTIVE,2026-01-18 12:40:24.586581
4a0b04c6-d2ad-4d49-a164-d64c22105f75,Ciência de Dados,ACTIVE,2026-01-05 11:36:28.911303
a322c043-8746-4fe8-8425-8c1f4868cbe6,Direito,SUSPENDED,2026-01-30 00:49:13.785273
f549351c-f337-4821-9c4d-10d06c9af562,Engenharia de Software,DROPPED,2026-01-22 08:05:16.296019
810a7aa1-aa75-42f7-b389-d871467f42cc,Engenharia de Software,SUSPENDED,2026-01-16 12:09:29.196582
d89a27a4-c6b1-42c1-a24f-1d0683970ca3,Administração,SUSPENDED,2026-02-02 06:16:30.505724
ce4f55c2-020f-4c55-9ee2-45b65e3a07c2,Ciência de Dados,ACTIVE,2026-01-08 14:23:05.258289
66e8efad-cad8-4679-bc3d-bc39c4809281,Ciência de Dados,DROPPED,2026-01-15 13:26:15.333972
c58be35a-f659-4129-9794-d81bfa10ec38,Ciência de Dados,DROPPED,2026-02-21 00:17:29.480081
5a494b24-d952-4ab4-bd57-03cbf3073a67,Administração,ACTIVE,2026-01-14 06:17:50.255966
82348521-bf8e-41f7-bb4f-e041d968ce80,Direito,DROPPED,2026-03-02 11:31:50.783361
fc643b15-dda2-4e0d-a83d-d41996eddb99,Administração,ACTIVE,2026-03-15 23:11:22.148052
79c2012d-470a-41fa-a24c-ce23c417186a,Direito,DROPPED,2026-02-27 06:15:28.034339
1cd08386-11ae-4d34-87d2-95fcdae50a4a,Administração,SUSPENDED,2026-03-13 07:00:02.996458
39de74cf-797b-442e-adf3-b4c641d90bd1,Administração,ACTIVE,2026-02-27 11:13:32.154741
7f940a8d-47c2-45e0-ae13-9d5f61dd8243,Direito,ACTIVE,2026-02-25 05:59:41.757171
6f3c33d2-9746-4ca8-8f9a-aaa0c4391282,Engenharia de Software,GRADUATED,2026-03-20 03:14:59.993536
804d86b1-aaca-4fe4-888c-57583e6d2c89,Administração,ACTIVE,2026-01-04 21:19:52.548739
67a9d18d-5c91-454f-83d5-7605f657cee0,Engenharia de Software,SUSPENDED,2026-03-26 09:03:47.294406
4579c630-70ec-4334-9a38-1b6bd7862c17,Ciência de Dados,SUSPENDED,2026-03-14 09:59:26.117221
67ce7df2-b5bc-4d19-ae1c-7c2728b4aa52,Direito,SUSPENDED,2026-01-10 07:04:20.837786
ae37b517-ed2a-4b29-a9d5-041c76ea9677,Administração,ACTIVE,2026-01-03 01:23:21.885803
aeaf53a3-6322-40da-9a4c-ec643d8d2db7,Administração,SUSPENDED,2026-02-23 15:29:41.497853
b1a2728f-632d-4af6-aeb9-03028098a7d7,Ciência de Dados,SUSPENDED,2026-01-02 10:47:29.268320
8bd9b8dc-f4ec-40e1-8bdf-d816855b88f1,Direito,ACTIVE,2026-01-21 13:30:54.305525
00ffc57f-5be4-4d5e-80a4-22e3b43bcc7d,Administração,ACTIVE,2026-03-01 18:13:50.182549
2cdba27e-f783-4c83-8e97-70fad3c512df,Ciência de Dados,SUSPENDED,2026-02-19 05:02:27.351887
02ac8c64-1312-40e5-8c09-a708312e75c3,Engenharia de Software,DROPPED,2026-01-11 10:42:36.584621
1ab9760e-193d-4174-8ed0-535c0c875ece,Engenharia de Software,DROPPED,2026-03-04 01:34:28.369090
c046e440-b7fc-450c-b70c-4f33a9791f8a,Ciência de Dados,ACTIVE,2026-01-27 23:04:21.431988
c515b072-2139-473e-81b9-4815077204cb,Ciência de Dados,ACTIVE,2026-02-14 14:17:15.757197
61278d5b-d7ee-4413-a788-06980d3f6506,Direito,ACTIVE,2026-01-17 13:50:38.444676
e8baea9b-232c-426e-8856-42c1776f1673,Direito,GRADUATED,2026-02-12 20:29:16.398298
17e90808-1a0e-4404-931d-4100653e85e0,Ciência de Dados,GRADUATED,2026-03-19 12:28:03.324337
38aee036-30bc-4227-926d-491f68c7ca36,Ciência de Dados,SUSPENDED,2026-02-09 02:55:34.850192
5d430e43-48ca-4742-9f71-877e081284bb,Engenharia de Software,GRADUATED,2026-03-11 13:51:55.478758
0c8e5879-ca3b-447a-b1df-382acce55898,Ciência de Dados,GRADUATED,2026-02-26 07:38:33.045332
938e7697-02c5-46f8-a967-41bbadc48d8d,Ciência de Dados,DROPPED,2026-02-06 00:44:40.415606
24a37aaf-c6cd-45dc-837e-a64be25a58da,Engenharia de Software,SUSPENDED,2026-01-21 12:25:12.124254
8e330384-2e52-4066-8e40-167f67a04075,Ciência de Dados,SUSPENDED,2026-02-05 05:13:16.867520
ff04f294-fff6-4d54-8cff-6fec911bc9f2,Administração,ACTIVE,2026-03-15 05:44:48.292703
04810e47-953e-4dfd-ba45-c24d4d10d1db,Ciência de Dados,SUSPENDED,2026-03-30 11:38:02.171966
ba28aadf-a9b3-47f0-a02f-a16ce3cbafd5,Engenharia de Software,GRADUATED,2026-02-28 17:50:21.076479
0e37b571-f1f9-47ad-8fca-2444017f183d,Ciência de Dados,GRADUATED,2026-02-07 22:53:59.331700
4c199674-16cf-455d-aedc-37db7c940a42,Direito,ACTIVE,2026-02-11 04:51:06.826411
32f546a6-7c85-4370-953b-2db105aa4b5a,Direito,ACTIVE,2026-03-27 11:15:24.386976
00b9045e-dd38-4ad6-b51c-ef1f3850ff2d,Administração,ACTIVE,2026-01-17 06:12:56.327639
8fedbe9e-0aac-4a63-afb1-9df3b63b06ca,Engenharia de Software,SUSPENDED,2026-03-25 16:32:03.554198
1e03cec7-ec66-4799-a6b1-7f93d832aa92,Engenharia de Software,ACTIVE,2026-02-22 02:44:45.746966
56370840-028a-4be7-9b4d-bebd566a8c06,Administração,SUSPENDED,2026-02-26 08:11:42.013285
1e55424b-7607-4b7f-a88c-82c4cc92413c,Ciência de Dados,SUSPENDED,2026-03-10 17:11:18.417292
1c05319a-8605-4da0-b3fe-175ddc64364a,Engenharia de Software,DROPPED,2026-03-19 08:28:14.395505
3e6d97cd-88c1-423b-a326-c02e7ad0d3cf,Engenharia de Software,SUSPENDED,2026-03-05 09:04:27.518668
9500937f-baec-4388-8f18-83288daf4965,Administração,DROPPED,2026-01-03 07:29:45.320866
7f06ebf0-81ec-4f16-a9fb-a7a8bf8ecb77,Direito,DROPPED,2026-02-20 03:33:37.230691
281b6aaf-60ed-4822-a871-aeac9086f38a,Engenharia de Software,GRADUATED,2026-02-05 07:28:16.439893
fe25ee3e-5508-4ca5-be8a-334d09433f05,Administração,SUSPENDED,2026-03-13 03:08:35.501815
96abf0f5-22ea-4029-a69d-0dd2d8ad4883,Ciência de Dados,ACTIVE,2026-01-04 16:14:30.839944
6153fb96-941b-4934-a0d9-76d61afe1915,Ciência de Dados,SUSPENDED,2026-02-14 18:06:59.073336
455a35e0-1f22-42b4-a061-9fce1a5c96dd,Engenharia de Software,DROPPED,2026-02-24 14:32:13.797973
00c44e35-e925-4eab-b675-6c08620aa660,Engenharia de Software,DROPPED,2026-02-16 03:08:21.580282
776640e7-919f-4178-93a9-53506f3ff34d,Ciência de Dados,SUSPENDED,2026-01-02 18:54:03.836291
a207bce3-764b-4940-b497-f9e3974d4a56,Direito,GRADUATED,2026-03-19 22:21:39.119997
1063ed32-e4d0-4881-8b99-fbbc2be38d0d,Administração,GRADUATED,2026-02-02 11:48:28.283008
da598643-7ca6-46eb-9db2-647824fb5458,Engenharia de Software,ACTIVE,2026-01-28 19:20:32.254187
a2ac3c0a-a705-43d1-be7e-224a0c783ae7,Engenharia de Software,SUSPENDED,2026-01-31 13:17:06.150842
c467bfbc-0a71-4adb-83fd-1b9a6ab8b774,Direito,GRADUATED,2026-03-03 15:21:31.630655
37b24846-a53c-486e-a0e4-05e439f76978,Engenharia de Software,SUSPENDED,2026-03-03 22:30:45.434544
c80ab31e-83d3-4c2d-94ba-0adfb7e6be45,Engenharia de Software,SUSPENDED,2026-02-15 08:55:58.889939
3a378334-4e0e-47e2-8088-08b5cf398889,Administração,DROPPED,2026-03-18 23:27:45.200199
4e352569-8627-4dfe-8a6d-34faaa1afeeb,Direito,SUSPENDED,2026-01-04 20:10:24.853268
0cb424d4-8369-492c-9516-0204efc82d58,Administração,GRADUATED,2026-01-05 03:10:39.040721
d8726b02-2b63-4cad-b3cb-f9911b0d1bf7,Ciência de Dados,ACTIVE,2026-03-17 20:07:23.592679
c90418fd-993d-45e1-a84d-14e5deac07c1,Engenharia de Software,SUSPENDED,2026-03-05 17:51:10.595032
f7af0a3a-c963-4b51-a71c-64e30e5568e0,Ciência de Dados,DROPPED,2026-03-01 15:11:44.198652
de4401d8-23ea-4cda-8edf-2dcdfdd72dce,Engenharia de Software,DROPPED,2026-02-07 11:22:26.205872
20db5d4d-6d75-47c1-8fd6-4196fe0600d1,Direito,SUSPENDED,2026-02-11 22:41:34.461484
a3f4d7d3-edb6-4054-8771-e5101c982b42,Administração,GRADUATED,2026-03-05 01:32:46.321035
dc997e30-0670-4f9c-8ce9-31b32b410609,Ciência de Dados,SUSPENDED,2026-02-24 06:46:55.906368
4eb5438a-8881-4828-a8e2-3a363ef1ab80,Direito,ACTIVE,2026-02-12 23:48:25.955973
73ba3cf6-c118-452b-abd0-9ca7601f3da0,Engenharia de Software,ACTIVE,2026-02-24 06:45:42.534196
5618405f-af84-477a-a933-9cbc91532236,Engenharia de Software,SUSPENDED,2026-01-03 13:46:40.493261
484cdff5-68a1-4f3c-a2e5-428a5574414a,Direito,GRADUATED,2026-01-25 03:16:36.880869
5c79f0e4-ed38-4e60-b314-e49b451b8910,Direito,DROPPED,2026-02-11 07:58:01.486279
b00c5786-1f67-4883-b896-29c3975c4e08,Direito,GRADUATED,2026-03-21 17:37:45.846092
8d64008e-fa9d-49c9-8f9b-5a792645c66b,Engenharia de Software,DROPPED,2026-01-15 20:55:05.665048
f877ea87-fbee-4a3d-92e4-524f3858d74a,Ciência de Dados,ACTIVE,2026-01-08 11:28:13.093316
a8cfd916-e9cf-4c43-9808-97b3f65f7c92,Administração,DROPPED,2026-02-26 08:10:13.197247
4db64c40-b9e8-45b0-9ae6-eeb368c35fb6,Administração,DROPPED,2026-01-23 10:37:51.280290
d17e770d-47e2-40e8-80ab-2be0927880f1,Ciência de Dados,DROPPED,2026-03-04 03:27:22.159152
74e012ce-d5d4-4177-b959-233ba47dd067,Direito,ACTIVE,2026-02-08 11:00:26.737128
16e7d86d-6910-4bfe-9ab3-1b4054a0623e,Direito,GRADUATED,2026-02-02 18:41:10.968909
ff4f640f-79ed-4a98-83b4-876234656876,Direito,DROPPED,2026-02-16 06:35:30.640041
f7f90871-c5aa-44be-a0db-abd0e1c6a122,Direito,SUSPENDED,2026-01-16 17:45:52.339386
9c23c580-c204-4f1e-860b-93d3860744a5,Ciência de Dados,GRADUATED,2026-01-27 22:09:44.850683
9ca959c0-453b-4cd6-a347-65d686efe557,Ciência de Dados,SUSPENDED,2026-02-07 01:47:11.330492
ccd8b0b8-54af-4f56-a19a-1a8bc3847488,Direito,SUSPENDED,2026-01-03 01:07:58.164441
fb35912d-967c-46f5-842d-6bc309f356b0,Engenharia de Software,ACTIVE,2026-03-14 06:52:10.916308
f7493261-d431-4ad4-904a-06761f1406fc,Direito,ACTIVE,2026-01-30 06:53:47.133880
f595b484-0860-49dc-9b2e-38e4de9754c3,Engenharia de Software,SUSPENDED,2026-03-30 14:09:38.307581
d614c42b-64f9-4560-b468-d3bac0f187f0,Ciência de Dados,SUSPENDED,2026-01-07 12:14:04.868485
fbf8bc61-e528-46c5-bb06-17e4d34356bb,Administração,GRADUATED,2026-03-26 23:36:01.632920
9e44b7e3-2ba4-475a-9a9f-d55db051fd64,Ciência de Dados,SUSPENDED,2026-01-18 12:17:11.808643
f7cde27e-4703-4ba9-a9ea-f8b0ec883937,Direito,DROPPED,2026-02-08 07:53:47.263018
10765288-890d-4c26-83e2-ec3367e70435,Ciência de Dados,DROPPED,2026-01-18 04:30:17.369109
eacf2167-dc04-49ec-8dd6-f6545a5d79b8,Ciência de Dados,DROPPED,2026-03-03 01:19:55.186455
e8c9ee13-e265-4824-97fd-d5ad61c53ae3,Direito,ACTIVE,2026-03-18 13:10:11.493648
501b0210-4699-4977-9c51-99a214547385,Ciência de Dados,GRADUATED,2026-02-27 05:22:15.012392
f98d7935-9a3a-4ab7-8d9f-9c2fa358cd23,Ciência de Dados,ACTIVE,2026-02-13 22:03:45.961173
e5bfd8a0-362f-4341-a484-ecd94255931b,Ciência de Dados,SUSPENDED,2026-01-28 04:20:56.009110
fb3184ab-da52-4ab0-ae89-d30b2b944ab7,Ciência de Dados,SUSPENDED,2026-03-13 00:03:46.891479
e0dc47b0-2011-4ea1-a745-1aee0fde7676,Administração,DROPPED,2026-02-16 04:56:03.947804
0b24a96f-33e2-4c1b-91bb-76fd038019c3,Direito,SUSPENDED,2026-02-09 06:32:47.958176
6757eb62-c387-410f-afb1-5135b735ab66,Ciência de Dados,ACTIVE,2026-02-01 20:21:05.643705
490d685b-f6f9-4361-8048-45e906302c9e,Engenharia de Software,SUSPENDED,2026-03-23 22:36:03.863477
24a2b9ae-ae03-4b33-9b6e-9e96dbc63e60,Administração,ACTIVE,2026-03-12 23:36:37.543842
c554cf45-84f6-409d-8a55-72ea7a81fb82,Ciência de Dados,SUSPENDED,2026-03-03 05:32:36.499857
1d6f0ad3-3f6f-48ec-956f-892401e35dfb,Ciência de Dados,DROPPED,2026-02-25 10:36:04.248222
63934d0d-2020-4c60-830a-8a3d331b05ca,Engenharia de Software,GRADUATED,2026-02-05 00:59:01.851689
2bc9ee48-184a-4f23-b916-ab3fb158d68f,Administração,SUSPENDED,2026-01-16 02:47:07.913378
2bf71022-dd09-4f0c-ad1e-f458cdcad5b7,Ciência de Dados,ACTIVE,2026-02-20 20:49:32.509440
3b4f911c-cef6-40df-8007-6e7e3921d28c,Direito,DROPPED,2026-02-23 04:20:46.134373
51674d4f-0d2b-46b3-868d-444e8a9ef641,Administração,SUSPENDED,2026-02-02 20:12:56.836543
d1b64aae-52c9-4b07-b2a5-123a996585dd,Direito,GRADUATED,2026-01-31 08:28:57.204482
ed9ed359-23f8-4a34-9dcf-3cfe1599d48d,Direito,GRADUATED,2026-01-29 12:53:31.826907
44de2945-4a17-4c4d-b2a8-c3ef3a14a882,Ciência de Dados,ACTIVE,2026-03-08 11:24:17.595656
678a017f-a89f-42e9-bf3e-baf39dc3c826,Administração,GRADUATED,2026-01-27 14:11:38.748448
e796bf04-05d4-4542-9c98-ad602dd7910c,Direito,ACTIVE,2026-02-11 23:32:49.781232
e2ab6419-db47-485c-af3e-9bf21d304a8c,Engenharia de Software,ACTIVE,2026-03-22 02:10:49.541507
04847d7c-89ae-42bb-881d-71cde568f48d,Direito,DROPPED,2026-03-18 11:44:04.633006
a4d84ba5-0d18-4b0c-9868-f948a7562c4a,Administração,DROPPED,2026-03-24 19:04:55.898579
68996568-cff8-441f-b4a9-f0f887adb651,Engenharia de Software,ACTIVE,2026-02-05 09:47:54.964615
77ea593a-ffab-4645-8126-747629b2aea8,Administração,GRADUATED,2026-02-13 08:19:45.657842
30d5ba22-169e-44b1-9e14-d7e77aa9be3d,Administração,GRADUATED,2026-03-25 18:47:57.411541
806bb90a-f9c8-4919-a62e-df2d4d732471,Direito,GRADUATED,2026-03-15 16:55:02.056140
f262fce2-9072-4404-b525-770c608c362e,Ciência de Dados,DROPPED,2026-02-23 16:08:45.382138
e6537825-b349-4c32-a8d2-4e939a0a0eb6,Engenharia de Software,SUSPENDED,2026-01-23 17:45:32.017209
b1dac966-2f11-4e7e-9de7-77c54c4abf88,Administração,SUSPENDED,2026-02-18 03:58:27.746741
468a8c64-e4e0-43fc-9511-af74f317d0a7,Engenharia de Software,SUSPENDED,2026-01-12 17:57:37.867984
4c84b375-43ca-4a42-b581-360f8896548a,Ciência de Dados,ACTIVE,2026-02-25 20:59:34.628453
24db0404-6ff0-4197-81b7-c440707bf060,Administração,GRADUATED,2026-03-08 21:20:22.946091
ea4f8b99-7283-4da8-abd5-ab5bbd5b0c17,Direito,SUSPENDED,2026-03-04 23:33:44.173882
6427010d-6ffa-4937-b468-49a6cd190c88,Ciência de Dados,SUSPENDED,2026-03-19 23:43:08.231465
a7350afb-78f1-4c4f-a4c1-a134f004fb68,Ciência de Dados,SUSPENDED,2026-02-14 11:16:31.010633
da7104cd-c6b7-473e-ab7a-a912e84700d3,Administração,SUSPENDED,2026-01-24 15:09:56.889798
669d02aa-a799-4c3c-bd25-e7a069d82655,Ciência de Dados,DROPPED,2026-01-03 16:07:14.936395
12813618-447d-489e-bd91-417a3ee685ce,Ciência de Dados,GRADUATED,2026-01-27 13:38:05.539758
79c99ba2-5370-4231-a44a-fb0bd5f49c23,Engenharia de Software,ACTIVE,2026-03-11 18:45:43.301746
3af29e30-c711-45d1-91b6-792193ddb2ed,Engenharia de Software,ACTIVE,2026-02-24 16:57:46.323461
067ddb46-29d1-407f-87e9-427ed44eca34,Ciência de Dados,GRADUATED,2026-03-28 11:45:51.509588
0f97c3ae-b13f-4b27-8020-84c794002b84,Engenharia de Software,GRADUATED,2026-03-05 18:46:52.421411
f466fb37-147e-4c4b-9c4c-1aaeb47b52c8,Ciência de Dados,GRADUATED,2026-01-21 23:15:47.253528
2842c9e0-de22-4149-9478-36c7168d0df8,Ciência de Dados,DROPPED,2026-03-07 04:05:53.939637
34ea6402-6a77-4b58-b798-0abdf29f4cf4,Engenharia de Software,ACTIVE,2026-01-25 03:47:18.122156
d7abdf5e-b814-4a03-9cae-c917aa51e50e,Direito,GRADUATED,2026-03-27 22:37:14.821620
4eeba380-80a4-403a-8eb5-1883b97e65b5,Administração,GRADUATED,2026-01-16 23:27:10.613814
08c1cf33-48c5-4c26-852d-fa75dd5d0af4,Ciência de Dados,DROPPED,2026-03-25 01:42:18.697865
3ce8123c-e289-4ab1-9bd1-f7610b00ad99,Ciência de Dados,ACTIVE,2026-02-05 08:41:11.421754
08b50de5-dd8f-496b-a9f0-da65d1757ee5,Administração,DROPPED,2026-01-10 07:31:40.332425
3bd507ba-4291-463f-b1b8-0f2703b8a94f,Direito,GRADUATED,2026-01-01 12:19:43.998678
65af493c-4d72-4c5e-b362-7556ba19ff2d,Administração,ACTIVE,2026-01-26 04:23:07.813877
966f8636-5c3a-4127-9cfa-549aa776fe08,Engenharia de Software,ACTIVE,2026-01-12 00:54:59.486933
33d9218d-3c2f-4f8d-b30f-d4f6e7cf550b,Engenharia de Software,SUSPENDED,2026-03-09 16:36:11.132771
c67e4cfc-e55c-4f39-adc8-8427d5a882b3,Engenharia de Software,DROPPED,2026-02-26 15:09:25.661587
0e0fa5f9-7dc1-4efa-8f91-0959c20732f7,Direito,ACTIVE,2026-01-20 22:26:23.015835
1085f685-59a4-456a-8996-e4b96f94aa24,Direito,SUSPENDED,2026-01-09 19:05:33.873018
9ac12496-0dac-4f48-920f-86c508dfba6d,Administração,DROPPED,2026-01-10 06:42:28.187139
82be4b6f-1fe7-4648-bbe5-cdbff61a6797,Ciência de Dados,GRADUATED,2026-02-24 11:39:33.253324
28ba750e-2620-402e-ab21-41ec5409ec99,Engenharia de Software,SUSPENDED,2026-03-06 15:03:28.029378
7a10d6e4-4434-47c0-b986-bc8b8b80bd15,Direito,GRADUATED,2026-01-14 21:30:58.159209
cf72aeb7-3296-4195-a58f-55511627b11b,Engenharia de Software,DROPPED,2026-03-26 08:20:57.639100
c3148c94-0fb0-499f-87eb-1e7798f3a131,Ciência de Dados,ACTIVE,2026-02-26 20:21:05.540087
9f2be9b1-7f96-4055-b1f6-049a585d7cbd,Engenharia de Software,SUSPENDED,2026-03-10 21:04:02.272600
b6c239d5-65b4-4000-9403-cdeb3262b57b,Administração,GRADUATED,2026-01-02 12:37:00.777874
c1e79bb5-2ee0-44ff-afd8-7d3a87af4015,Direito,DROPPED,2026-03-06 19:34:02.240627
60e0cfad-80f1-413a-a195-cabbf9de6e9d,Direito,ACTIVE,2026-01-27 00:00:51.810341
96685a47-63c8-4213-8def-40cc46f145e3,Direito,DROPPED,2026-03-02 18:50:06.972296
1ec55298-f0fe-4b0f-beeb-2aa08a95d321,Administração,ACTIVE,2026-01-17 04:00:41.518341
8633e638-25b8-4017-b552-10b325b2aa91,Administração,SUSPENDED,2026-03-20 10:44:24.131331
71a61544-bdbc-4d83-a947-cb362d07a8f5,Direito,GRADUATED,2026-01-07 17:20:22.084816
a29091e0-c5f4-4156-bccb-07cdebdf0983,Administração,GRADUATED,2026-03-21 02:31:35.693424
3ee5197b-5e60-49b1-b18f-3de4d489aafe,Engenharia de Software,DROPPED,2026-03-26 03:55:19.645884
e0ad6c05-03c0-4fa9-a6f2-dd4ca35ac4a8,Direito,ACTIVE,2026-03-05 14:30:07.320709
66b52680-a56e-4486-9f41-559c4d9de072,Direito,SUSPENDED,2026-02-11 21:42:59.150037
04e336a4-d655-4146-9c9d-a28d6ce01bc5,Administração,DROPPED,2026-03-05 18:27:06.570946
91653231-0a8a-4ef4-a118-eafead0f9151,Direito,DROPPED,2026-02-06 06:25:58.572427
516e8279-3da7-4cc0-abeb-ed0eb4c484f7,Administração,ACTIVE,2026-02-03 15:00:43.695678
a41df809-3790-4275-b085-e61b519db024,Direito,DROPPED,2026-02-26 09:32:47.016660
39929f50-ae6d-4b58-927f-be5880d01508,Engenharia de Software,GRADUATED,2026-03-03 13:58:46.591241
a6302e21-2634-46e5-8e06-da2fbadf37f3,Engenharia de Software,SUSPENDED,2026-01-14 01:50:13.556785
184e3069-d804-456a-956b-7626e874cf2b,Engenharia de Software,ACTIVE,2026-02-02 04:41:10.069560
942e4f70-75c0-4e1b-8d0d-bbe4b34d02fa,Direito,GRADUATED,2026-01-25 18:40:08.308520
72cdfcf5-8b3b-4700-816b-ea0da5d09a27,Engenharia de Software,SUSPENDED,2026-01-18 01:40:42.355969
8e451b84-1af2-47c7-b1bf-dc5a3a4074f1,Administração,SUSPENDED,2026-02-02 09:17:03.524406
e411844c-3b91-4193-af79-648e5eb9aa0a,Administração,ACTIVE,2026-01-06 12:08:26.992471
3fcb6526-9071-438f-8b89-5296c717ae99,Administração,ACTIVE,2026-01-31 04:14:29.685608
fa341d11-eea5-4147-bd5e-c295c6bf2612,Direito,ACTIVE,2026-01-04 18:32:05.478065
1006dd3f-5463-46ac-a115-94a9467f323b,Engenharia de Software,SUSPENDED,2026-03-07 18:34:19.081706
e93ac681-4ca7-4399-bab2-8b8237ab93fd,Ciência de Dados,ACTIVE,2026-02-10 01:28:33.857442
625eea08-5583-4f0d-a44b-0422bbf128f9,Ciência de Dados,ACTIVE,2026-03-10 12:30:00.298428
6b6073f5-6ea3-43b4-b2ad-a84e94ac8eea,Direito,GRADUATED,2026-03-23 19:19:51.491034
159d0c2a-c86a-4f57-991a-d3abf447ffcc,Direito,ACTIVE,2026-02-21 18:39:22.352114
d66264c1-bca0-41cd-b134-16298721d90a,Engenharia de Software,SUSPENDED,2026-02-21 12:00:30.825078
766e4904-e850-409a-9a08-75d51ab33060,Administração,DROPPED,2026-01-05 19:41:42.437343
9e250431-064f-4f5c-8e13-ba1307e54cd9,Engenharia de Software,GRADUATED,2026-01-13 04:16:02.534506
7f17333b-5adc-466c-8436-5968367dcc73,Ciência de Dados,ACTIVE,2026-02-16 19:13:06.532311
447f89e8-922f-458c-bd0c-3fd4ce48ffff,Administração,GRADUATED,2026-03-01 00:55:16.123198
fcca1ab7-674f-4312-a9ec-fc616c68924d,Direito,ACTIVE,2026-02-14 03:59:09.208126
ddcd0a11-bc3f-4f4b-bcb0-120d82767f00,Engenharia de Software,SUSPENDED,2026-03-01 00:52:35.023156
c1482d1f-79c4-48d2-b524-7f4b1fb0a93b,Direito,SUSPENDED,2026-02-26 23:50:54.440834
553a7513-873f-491d-a337-801cd3aff94b,Administração,DROPPED,2026-01-11 08:21:37.569491
c4d8d580-f9aa-418b-b0b3-43bd6790bd01,Direito,SUSPENDED,2026-02-22 10:18:57.213861
80cd34bb-7d73-4d11-b7b5-82b305f81b33,Engenharia de Software,GRADUATED,2026-02-20 20:38:20.843129
a61f1b71-60ea-458d-9422-440efedb3a13,Engenharia de Software,DROPPED,2026-03-18 22:39:52.222954
91a97ee9-79e6-4fe8-9fa1-0c69002a3267,Engenharia de Software,DROPPED,2026-03-03 12:39:33.931047
765e3f1f-b8d9-423b-9318-56cb4ba6ae64,Engenharia de Software,ACTIVE,2026-01-21 12:19:33.350933
1965046d-65a6-4a43-9654-39f142fb37f3,Administração,DROPPED,2026-01-09 04:58:30.002371
4d21a92f-20af-4700-86bf-cc74018f8f36,Engenharia de Software,GRADUATED,2026-01-15 23:21:07.753116
b3687cc9-140b-442a-a5e8-119bb1d6469a,Engenharia de Software,SUSPENDED,2026-01-11 06:13:01.250480
59b19aa4-9c1d-45b7-959e-369293b4cf25,Administração,DROPPED,2026-03-03 08:57:52.900937
ed386cee-71c5-4dbd-8e58-4e41bbceaa1b,Administração,GRADUATED,2026-03-10 12:45:32.249842
9c5c894a-2027-48d8-99b9-ffb194423fa7,Engenharia de Software,GRADUATED,2026-02-19 18:35:42.394407
cb82f2fb-bae7-45d3-ac96-4dd5861c1517,Engenharia de Software,DROPPED,2026-01-15 10:22:13.886374
afabdee7-2679-4060-9052-a064edb013d1,Direito,GRADUATED,2026-01-25 06:33:39.168728
fdf5d114-62de-4339-ac2d-8357798a994c,Engenharia de Software,ACTIVE,2026-01-08 22:37:19.245011
7ad8d369-82f7-41b9-b84e-6afff97e4058,Ciência de Dados,GRADUATED,2026-03-19 05:29:48.659962
33975776-1266-45b6-b652-51e52711d23d,Direito,GRADUATED,2026-01-05 17:10:13.473213
c021424e-bdfb-48c4-977c-fa4e017d4a48,Engenharia de Software,SUSPENDED,2026-01-12 21:09:06.478229
96d3690e-7a42-4220-843d-ad9ea5ff09ce,Administração,GRADUATED,2026-01-21 09:19:09.422928
75e88578-7751-4f1b-8ceb-f200eccdbd0e,Engenharia de Software,SUSPENDED,2026-03-07 14:58:06.321746
a26b0b5c-0e01-4165-8303-c8b98dbaa321,Administração,SUSPENDED,2026-01-01 10:26:44.177315
86b2808c-04a1-4314-82f2-ca4a770d4d42,Engenharia de Software,ACTIVE,2026-02-28 05:27:14.664332
1c211817-49e0-4251-9d0d-5563c6370561,Direito,GRADUATED,2026-01-22 16:39:28.759789
bb3b3964-c153-49d9-b44c-e0b54ea5fad1,Ciência de Dados,GRADUATED,2026-03-24 15:28:45.460780
c35e59a3-8cc3-407d-aae4-20a626e27338,Direito,SUSPENDED,2026-03-16 11:39:43.496496
50cc3186-79a4-42a7-8ce6-091b7ebda85a,Ciência de Dados,GRADUATED,2026-03-01 17:01:17.545068
2fd47f04-f3c2-4ac4-aa14-dce445fd42a7,Direito,SUSPENDED,2026-02-14 11:06:28.921028
75716851-f26d-47da-9204-0bfc594fc5a8,Direito,GRADUATED,2026-03-18 01:00:13.418929
c6bcd644-58d4-4b54-9c53-c861a99da70b,Engenharia de Software,DROPPED,2026-03-11 01:58:53.884181
74f2f184-8c48-4a8c-9c18-f4924051b5bd,Ciência de Dados,DROPPED,2026-01-02 12:32:48.810273
1648453f-ee49-45f9-ac8e-2ed4a6fd4d33,Ciência de Dados,SUSPENDED,2026-03-07 01:23:29.514154
4d9b2a67-18ea-4951-a974-ceeee98b1954,Administração,GRADUATED,2026-02-18 21:16:44.914390
a883a52a-a44d-406a-b119-0128c7e7bd23,Engenharia de Software,GRADUATED,2026-03-05 04:20:55.938247
e45ef1ac-7ad8-4d6e-a3a6-283434513b59,Administração,GRADUATED,2026-03-11 19:15:04.085626
26d18898-37cd-472a-b008-0f97c6060762,Administração,DROPPED,2026-01-24 10:21:30.313436
27496fd2-5f23-4bbe-8970-727df1b213a5,Administração,DROPPED,2026-03-19 13:36:54.478975
175c33b6-494c-4626-bc1f-bc485254489e,Direito,GRADUATED,2026-03-09 08:27:18.498456
d71c7c4b-8193-42e1-ac34-c4e953d72ce9,Engenharia de Software,DROPPED,2026-02-12 16:39:34.764380
7594ccf9-65a9-4b7a-992e-eefa959f8dc3,Ciência de Dados,ACTIVE,2026-03-14 07:30:49.771353
9902ebc7-1fa7-4fc4-9f3d-74887afac6cf,Engenharia de Software,SUSPENDED,2026-03-14 22:31:19.694954
709d6b34-172e-4c85-84b7-bdf955efe2db,Engenharia de Software,ACTIVE,2026-01-26 14:23:16.924659
2062a052-78bc-43df-bd7b-ae6ccc911086,Direito,DROPPED,2026-03-29 12:03:24.889248
9dcc9e88-78d1-4c1d-b600-923548144386,Ciência de Dados,GRADUATED,2026-03-04 22:57:35.226499
ff1c6c6f-a386-42fd-941a-782da7b467fd,Direito,DROPPED,2026-03-04 22:11:52.059044
64f58b87-73a3-4964-a4ed-a296913e97fe,Direito,DROPPED,2026-02-22 10:08:18.385589
1cd28333-206e-43f6-893d-1d6cc40f3eee,Engenharia de Software,GRADUATED,2026-02-12 21:37:25.950273
00fdf60d-2a25-4b96-bdf3-ca0c5a4e5267,Direito,DROPPED,2026-02-07 12:38:57.912391
49829d74-39f1-437f-a392-061368c7de09,Ciência de Dados,GRADUATED,2026-01-24 07:53:42.349090
4609103c-dbeb-4f7d-8024-6cfa485b8f13,Administração,GRADUATED,2026-01-03 14:47:30.559956
ec2c4d3f-e58b-4c7e-ba4e-f3fff71d88d8,Administração,DROPPED,2026-03-08 03:48:57.341783
5bef6718-932d-4efa-a3ae-1ae681324593,Ciência de Dados,DROPPED,2026-01-14 19:34:06.800885
f3175096-af79-4f35-879c-d6dd46adf948,Engenharia de Software,ACTIVE,2026-01-23 02:27:03.779125
ef5d3f32-5e79-43ce-bb01-c45eddd02bec,Administração,DROPPED,2026-01-27 16:39:30.479268
c1061fbe-bc31-4be7-8491-edb0948cc9bb,Ciência de Dados,DROPPED,2026-02-05 10:24:28.381334
83e7c4fb-7c0c-436a-8950-b44379526de1,Administração,GRADUATED,2026-03-30 16:14:36.543154
f34c22a9-974f-42cd-ab9e-7575c7074e6e,Direito,SUSPENDED,2026-01-19 16:07:36.250543
81248fe5-4756-41e4-8d1c-b83485ff5b8d,Ciência de Dados,SUSPENDED,2026-03-23 08:32:07.843176
c9f6d8a6-1044-4baa-99d1-66412ff8c9ff,Administração,DROPPED,2026-02-04 00:45:12.415433
7485e468-2f23-4c97-8d1a-ddce0b5b4968,Administração,GRADUATED,2026-01-04 01:59:21.182951
ed6dfacd-a5ac-4ec7-b804-98712cc27a6e,Engenharia de Software,SUSPENDED,2026-01-07 02:52:35.180098
e35f962d-8261-4443-8ed5-6f29963ff2cb,Ciência de Dados,SUSPENDED,2026-01-10 11:30:22.900589
dfa98d19-21e2-4af1-905c-730a0372a753,Ciência de Dados,ACTIVE,2026-03-14 19:51:53.372238
2197b4c5-5057-45cf-b7e8-2a972072f96f,Direito,GRADUATED,2026-02-24 11:23:36.768646
a0b3c151-6c84-45d5-99cc-dc8902efc4ec,Administração,GRADUATED,2026-03-22 11:49:04.757200
8b694ce4-a9c8-4f5f-b535-62b520aa1951,Engenharia de Software,SUSPENDED,2026-01-12 11:23:19.688598
1df44ab8-0d27-463d-9997-1885a65ff225,Ciência de Dados,SUSPENDED,2026-03-22 19:30:31.139499
3ca94858-75a8-46c6-b8f5-ac587e30ac91,Direito,GRADUATED,2026-03-10 02:53:19.694215
a782394c-5e5d-46e6-80f7-efc0abbd2981,Administração,DROPPED,2026-02-20 12:36:16.455607
6845d3a7-ad6c-4be0-a8a0-b7ea1b0f2307,Engenharia de Software,ACTIVE,2026-02-11 10:00:43.549913
1d58ee09-a813-480f-b840-88df52b1181a,Administração,GRADUATED,2026-01-11 19:54:50.206384
a9815dcf-54e1-4722-b557-8d560d2dcfce,Administração,GRADUATED,2026-02-08 17:49:54.190440
d0724b42-ab37-45ea-9d8e-1749e1da7e4a,Administração,SUSPENDED,2026-03-23 07:31:54.729066
dc05e3c1-0285-40ac-b839-6189dc7279d9,Ciência de Dados,ACTIVE,2026-02-14 07:53:18.187790
bc438310-e849-4585-aa55-193564767661,Direito,DROPPED,2026-02-25 23:30:29.178263
af09af7f-cfbc-40e1-9842-d1281b3903d7,Ciência de Dados,DROPPED,2026-01-12 22:36:03.592831
38dfde5a-ecf4-495c-aead-b32085c3f0c0,Administração,SUSPENDED,2026-03-05 10:54:15.211315
967f0105-cba0-4101-9d5b-89747ea7e6d8,Engenharia de Software,ACTIVE,2026-03-19 03:58:07.464405
67920093-a301-4a0e-b935-18c0613efc46,Direito,ACTIVE,2026-02-09 15:17:33.033365
f852f612-dba6-47a6-8378-3da991d4aa3a,Ciência de Dados,SUSPENDED,2026-01-07 11:29:59.033032
1410620f-d575-4540-aa88-059df8b4bd2f,Ciência de Dados,SUSPENDED,2026-01-09 13:09:42.572946
764e9d52-99da-48a6-aea8-0202d17d3ced,Direito,ACTIVE,2026-01-20 23:36:16.953107
288f6bb9-63be-4c73-bb76-5461c7d44abc,Ciência de Dados,SUSPENDED,2026-02-09 11:49:36.277889
a33893eb-7eef-421b-b59f-58b610931117,Direito,SUSPENDED,2026-03-05 23:45:12.625368
77131d16-c40a-4c92-9fc3-650705f174e5,Direito,ACTIVE,2026-02-21 03:14:39.974434
33fd271b-1b51-495a-80ff-1d38d10d8342,Direito,SUSPENDED,2026-03-05 07:14:13.028264
28e00371-2b06-4594-afb8-7aca078d1c38,Administração,SUSPENDED,2026-02-09 17:52:25.971768
675e7dcd-92ca-4a52-9eee-ae111e38bfcc,Ciência de Dados,GRADUATED,2026-01-13 05:21:44.921711
102f69d7-ed1d-4d0b-8413-db93ae9dbe2a,Administração,GRADUATED,2026-03-14 04:30:29.906942
b71ca542-eee9-436a-a9ff-c236a2bcc65e,Administração,DROPPED,2026-02-10 15:36:05.278717
9ce62dd4-da93-4143-a88f-80030ed189e0,Engenharia de Software,ACTIVE,2026-02-08 03:07:48.558496
6e508532-9fcb-40a7-8492-44ca57a4d9e0,Administração,DROPPED,2026-03-26 23:35:18.437530
827c386a-70e1-4a9c-832c-0e860536ef03,Engenharia de Software,ACTIVE,2026-02-01 07:29:14.114951
7ed73931-80ce-48a1-b4a3-495260261b8d,Ciência de Dados,ACTIVE,2026-01-01 21:09:23.119121
f1ec2666-47dc-458e-8747-815400a1bb20,Engenharia de Software,GRADUATED,2026-03-17 16:33:02.401993
c22e59b2-9e8d-470b-be53-57db350e6e7a,Administração,DROPPED,2026-02-21 04:16:24.930180
249ee73d-fda2-49bd-8be8-2b2dbcc12686,Administração,GRADUATED,2026-03-17 15:25:50.218296
06b183df-d395-40a9-a8a8-6c01d4a78102,Direito,ACTIVE,2026-03-26 19:58:14.590914
72d7a9a8-0b41-4847-bb08-fcf1a27b3963,Engenharia de Software,ACTIVE,2026-02-04 13:26:26.301846
c2006d1d-890c-4f63-8c66-ce8ea6e8df32,Engenharia de Software,DROPPED,2026-03-04 07:42:10.215370
78f905d4-9cf4-4604-9b97-55194897c05f,Ciência de Dados,ACTIVE,2026-02-12 01:11:57.601740
68756a0d-78db-4d7c-9ba1-e2a7fcd17159,Administração,ACTIVE,2026-03-01 04:09:51.045538
2df443e3-0890-4c02-9dd3-9e6b30a13507,Ciência de Dados,GRADUATED,2026-02-15 04:35:59.947918
ef76222f-5bd1-4cb1-a596-b9121947e769,Administração,ACTIVE,2026-03-12 21:05:47.964089
4355053c-bcd8-4acd-964a-7f6490e310a4,Ciência de Dados,ACTIVE,2026-02-13 05:31:53.651315
cdb5f991-4249-4065-a5a5-a5c067ad9876,Administração,DROPPED,2026-01-06 19:18:56.237558
8bd27528-aadf-43f5-aade-881575ad5cf5,Engenharia de Software,SUSPENDED,2026-01-08 19:40:22.805493
1d4e543e-4214-4115-ad14-470e3b67dea6,Engenharia de Software,SUSPENDED,2026-03-09 09:27:50.827245
f3be0edd-725a-42bf-9529-c2ae123e25a9,Ciência de Dados,ACTIVE,2026-02-27 04:31:25.924640
671ca19c-3b37-417e-908b-95e3e5258a06,Ciência de Dados,ACTIVE,2026-02-21 12:21:27.229051
83b67dc4-5b0f-4663-9682-54f38baa17da,Administração,SUSPENDED,2026-02-02 03:40:00.453345
85f9335e-9230-4dc2-b27f-e2cccb9140f7,Engenharia de Software,DROPPED,2026-03-07 07:02:20.986691
67ffcf83-ddcf-4696-8ce9-712db0012aa1,Ciência de Dados,ACTIVE,2026-03-08 00:50:02.594833
795d3ddb-e917-41aa-84c8-d755b2ce4dfb,Direito,GRADUATED,2026-03-14 17:18:16.207461
5cbe85c3-4071-4153-8d7c-7f35ff865561,Administração,SUSPENDED,2026-02-06 18:20:47.806358
cce2f5e1-544e-4b08-9ebd-ebcc56c5ada5,Engenharia de Software,SUSPENDED,2026-01-07 21:55:59.213846
fdd3973e-1088-4d75-ae78-7cf0e11de406,Administração,GRADUATED,2026-03-10 23:53:15.113417
1ef6a781-8bed-450b-9113-185992f31476,Ciência de Dados,ACTIVE,2026-02-28 01:48:08.289939
1031b39c-fd29-4b3f-bf6b-6c1e5fa85667,Engenharia de Software,ACTIVE,2026-01-13 03:28:01.702218
2dbfa0c6-80be-4c89-a12d-0826d299b221,Administração,GRADUATED,2026-01-31 12:50:08.033281
b945b1c7-670b-49b3-baa6-d19c053b34cd,Direito,DROPPED,2026-01-27 04:09:06.805301
eedb7c09-b516-4b9a-8a2b-575ad4667066,Engenharia de Software,SUSPENDED,2026-03-22 05:43:56.174302
57a1b803-20a9-441f-899d-a74cedc57c39,Ciência de Dados,ACTIVE,2026-03-20 14:51:48.724626
733448bd-0599-4b96-8f8e-a7628674f83d,Engenharia de Software,ACTIVE,2026-03-29 18:18:48.358806
cd5bfdc2-ea0e-447e-b986-b93add8e6f6b,Direito,GRADUATED,2026-03-15 23:14:17.156989
8632ab03-8caf-47e1-98fd-305e4b1ac57a,Engenharia de Software,SUSPENDED,2026-02-18 07:24:37.541204
4ffbcec2-a8ab-4841-96be-bf3f65a8dd18,Ciência de Dados,DROPPED,2026-02-28 08:31:18.481596
18094bd2-db4a-4989-a75b-d98d9149b3f2,Engenharia de Software,SUSPENDED,2026-01-14 05:40:20.947205
62b37279-5ebb-46b0-843a-ecc8a243398c,Ciência de Dados,GRADUATED,2026-01-07 21:16:29.677433
cdbb67a8-4707-42ef-b339-07573345e086,Ciência de Dados,DROPPED,2026-02-15 16:54:35.001627
29ce99b1-e011-4b89-aa5a-f451bd1a01cd,Ciência de Dados,SUSPENDED,2026-03-25 23:22:46.164790
146ed051-bd5d-4ad5-b05d-c01a1c6d292c,Administração,SUSPENDED,2026-03-17 00:04:32.317484
8597a171-b289-436e-9b0b-5be4fdbbd1f0,Engenharia de Software,ACTIVE,2026-02-05 03:24:29.913736
e3851f2e-4bed-4052-840b-beb06cbedf2e,Ciência de Dados,DROPPED,2026-02-15 06:38:09.706526
d4474e7b-b6a3-4ac5-a972-be7c92506149,Direito,SUSPENDED,2026-01-29 11:01:52.363073
e32d26df-fcf9-48ac-be58-ef6914ac4d78,Engenharia de Software,DROPPED,2026-01-20 11:00:10.657408
628b3595-d654-4bea-b445-73cc7ba0233a,Direito,ACTIVE,2026-01-25 17:48:13.309964
e8a78ea4-15f4-4142-a456-565e0a3d6d51,Direito,GRADUATED,2026-02-01 11:11:16.779019
d3371a9e-16d0-4d69-b936-798d8648a69f,Ciência de Dados,ACTIVE,2026-02-22 10:48:01.406829
c330c89f-d470-46f4-8172-148490691bb0,Engenharia de Software,GRADUATED,2026-01-07 17:46:47.938095
f8c4bc29-1b71-4c5f-bcd5-be87adf6c558,Administração,DROPPED,2026-01-15 12:33:10.640010
939e9fef-b64d-4093-9832-e4fdba9ce190,Direito,GRADUATED,2026-01-23 23:02:16.688478
a583c84e-9c12-4f03-bdf8-34b59d1dd115,Direito,ACTIVE,2026-03-04 10:14:58.472492
25dc95dd-3278-466c-b031-0c5ace8390bd,Administração,GRADUATED,2026-03-13 16:44:31.273542
76997754-cb7d-47c4-9991-6a6b187c10c8,Direito,SUSPENDED,2026-02-12 13:21:29.005566
ae48ed31-0d6e-48b4-9547-517cfad8e99b,Engenharia de Software,SUSPENDED,2026-01-07 11:23:18.842083
42208c1f-ac7a-42fe-8179-d4ad63316d94,Ciência de Dados,SUSPENDED,2026-02-12 01:30:29.395828
4a38d39f-0163-4fc7-900b-9703703b1cf6,Administração,GRADUATED,2026-01-10 22:28:29.161819
66c73764-cc5e-457c-b725-2967f42391fc,Engenharia de Software,ACTIVE,2026-03-02 15:40:10.326912
65e7335b-53b0-401f-9c23-dbf4ff14884f,Direito,GRADUATED,2026-02-16 22:47:17.064865
10ecb5ad-71a5-4c34-8653-af856396d438,Engenharia de Software,ACTIVE,2026-01-28 13:52:30.832733
aa73b039-1b39-40e5-9b9e-84857733f1cc,Direito,GRADUATED,2026-01-28 05:27:23.905610
59bde454-598e-4622-b115-0e3d8946fa80,Ciência de Dados,DROPPED,2026-02-10 10:26:30.409934
410204f2-9e3f-4e22-a056-0ebd7d6b839a,Ciência de Dados,ACTIVE,2026-02-18 11:52:46.634847
a260a8fd-9f04-445a-b05b-6b40abb373c0,Administração,SUSPENDED,2026-01-08 13:34:49.005180
6d0977da-5a50-4e6c-9369-830e47a9e91f,Direito,SUSPENDED,2026-03-30 11:36:43.112480
74e97053-54ef-4b32-ab38-e460e6ba637d,Engenharia de Software,GRADUATED,2026-02-28 15:09:58.342765
067dd00c-f6fa-4af4-b477-e8beb70d6e3f,Engenharia de Software,DROPPED,2026-02-28 15:12:44.927933
33ee5ab9-5b68-4cb8-bc96-e26ae02108ab,Administração,SUSPENDED,2026-02-19 10:09:22.231796
f7e7d9fe-932d-4c32-82b8-b2e73cf74bb0,Ciência de Dados,DROPPED,2026-02-14 22:22:48.755550
ccc37375-1aec-4e68-b352-4f61eee209aa,Direito,SUSPENDED,2026-03-21 09:18:50.678012
b4ac3590-2b8d-49ad-a4fd-5e4b97000695,Ciência de Dados,SUSPENDED,2026-03-07 00:38:13.790259
33a2372a-dc0b-4a78-8850-8888b26b25f6,Administração,GRADUATED,2026-01-05 21:08:12.483555
b63ce5f1-3d23-4a30-a1b0-4d41e35522bc,Direito,ACTIVE,2026-03-07 16:43:56.348512
8010b65c-33cd-4daa-a8ba-3fbad9103a9a,Administração,DROPPED,2026-03-12 13:20:30.793039
c6ea40e4-48f3-4d95-a402-a2e0df71a6bb,Administração,ACTIVE,2026-03-12 21:45:33.446781
7c4ff636-b014-4814-aa39-07ca6c664d4d,Ciência de Dados,ACTIVE,2026-02-11 03:47:37.728827
b73fff2c-0b40-4d7f-82b7-fc9a1e140685,Direito,GRADUATED,2026-02-04 15:26:09.985976
146458bc-3c64-4dfb-84d0-7c8f5c1d2530,Direito,DROPPED,2026-02-09 23:52:35.278238
faa3f9b3-ea80-41da-9d73-0085d7e1b98f,Administração,SUSPENDED,2026-01-28 22:50:33.527355
7742c536-36bd-4ffc-9ea2-de990e8d34c0,Ciência de Dados,DROPPED,2026-03-16 20:38:25.070592
ed3c827e-3f6e-4ec7-9c1b-281c58e17fee,Direito,SUSPENDED,2026-01-23 02:48:04.199055
fda4dc78-46ff-4c5e-b737-014efcc3e0f7,Ciência de Dados,ACTIVE,2026-03-10 08:21:04.424676
74eefa8f-bbf1-4332-979d-a42c050237cb,Ciência de Dados,DROPPED,2026-01-12 09:20:23.343199
8b9272c3-9ef2-4a56-ac63-745b9b5d48dc,Ciência de Dados,GRADUATED,2026-03-30 22:12:49.929244
7c1c0a86-4f1a-43f9-9593-446779a8497d,Administração,GRADUATED,2026-03-25 21:48:12.856495
69149fb2-cdfa-44e2-b645-0878abaa45c7,Engenharia de Software,ACTIVE,2026-01-19 14:54:34.915138
0b92f968-40f2-4063-a290-c6c1d6998051,Direito,SUSPENDED,2026-02-07 10:49:33.269218
efb65610-7937-4317-a336-c72606e2bf7b,Engenharia de Software,GRADUATED,2026-03-01 23:51:23.676249
3c301809-4ce7-49a7-bec2-bcf54fee48ef,Direito,GRADUATED,2026-03-18 17:42:42.685081
673d559c-91ec-4317-ad7e-e1125fc81461,Engenharia de Software,GRADUATED,2026-03-20 04:22:30.147453
b1d8c2df-6f82-4203-bfaf-2bc6a01f638f,Ciência de Dados,DROPPED,2026-03-29 22:23:33.199916
54b1d665-323e-4a51-9d4e-6c3a8043a538,Engenharia de Software,ACTIVE,2026-01-27 01:46:47.077951
2b76b2c7-7da6-40ee-b49b-049d2b930883,Direito,GRADUATED,2026-03-24 10:01:13.317406
4362a85d-1584-452e-9be9-58e2bc3d2d5a,Direito,ACTIVE,2026-02-21 19:01:29.241698
d2a2a9dc-e17c-45d3-b120-12e9986dde36,Direito,ACTIVE,2026-03-03 22:00:45.826674
99664133-54ad-485f-b445-d6cdead19379,Ciência de Dados,DROPPED,2026-02-13 20:22:51.254807
c7d9331d-2023-4e1b-b924-87ff7885aa0a,Direito,ACTIVE,2026-01-11 15:41:11.541153
dfe3e709-5249-4b72-82f2-018f941c4bb3,Direito,GRADUATED,2026-01-29 07:15:46.079134
8501e3fe-60ba-4553-a37d-3ee4dd21dc60,Ciência de Dados,DROPPED,2026-03-16 06:13:27.704398
6ed474a4-a0aa-4703-81df-eca971d25b03,Engenharia de Software,DROPPED,2026-02-13 22:44:46.325360
5b0e0436-9721-4ffd-b374-8911e6822a5f,Ciência de Dados,ACTIVE,2026-03-11 07:33:05.877045
09845ef3-3819-4123-8a1b-492bafdb8eac,Direito,ACTIVE,2026-02-08 02:54:10.193508
f0399ded-1a2d-46a9-9949-8452afe39519,Administração,ACTIVE,2026-02-17 03:28:44.909488
746cdd1f-45e5-48e5-9dfe-381e04a67d68,Engenharia de Software,ACTIVE,2026-01-18 07:16:20.307545
0a390d52-48f5-4449-a3bf-3a6d4871778c,Engenharia de Software,ACTIVE,2026-01-25 04:27:25.105285
fd742445-049f-4e1b-9242-d8f7428f5a5a,Administração,SUSPENDED,2026-02-14 17:46:52.424536
90471644-0166-4e4b-8fcf-cafd43e73904,Administração,SUSPENDED,2026-01-02 04:13:14.638176
e72ad4e8-11ae-4676-857b-af651fdf9b8d,Administração,SUSPENDED,2026-02-22 21:39:38.911608
d8b8a7a8-88d1-4c59-af2f-3d6abcef1627,Administração,DROPPED,2026-03-18 12:38:29.775308
c733d504-fa0c-4d27-b0f0-111325469c50,Administração,DROPPED,2026-02-17 20:48:40.062385
72c96e44-0f9a-4b1a-af1e-7cad36700419,Administração,ACTIVE,2026-02-27 19:42:13.599008
424e40b9-22f8-48db-8457-28a9e665ad54,Engenharia de Software,SUSPENDED,2026-03-17 01:00:28.123245
2b270226-56f3-4f97-90d3-5f6e210af3f8,Administração,GRADUATED,2026-02-08 02:04:02.530353
8d35cbfc-52bc-40db-8580-7ce613c86a7c,Ciência de Dados,GRADUATED,2026-01-25 18:14:46.477091
8ab23969-b250-4f78-a424-434a48f780a1,Engenharia de Software,ACTIVE,2026-01-18 22:51:36.170854
e616f476-5565-421b-bb9a-cf68f68d72b7,Ciência de Dados,GRADUATED,2026-01-02 21:30:54.780375
8a2f27d9-0cfe-474e-b2ca-d16c62a5450c,Administração,GRADUATED,2026-03-16 07:51:48.525491
ed4a787f-501a-4fcb-826e-5ebc3404bc20,Administração,SUSPENDED,2026-03-09 04:02:17.327439
e481561a-dea4-4f6c-a4c8-17303a379822,Engenharia de Software,ACTIVE,2026-01-09 20:27:46.292105
1daa81bf-e191-4b2b-9592-b0bea92a8b3e,Engenharia de Software,GRADUATED,2026-01-05 18:24:50.278280
31e46a3f-5dc7-4c5a-937d-964c3c8e2248,Administração,SUSPENDED,2026-02-02 16:07:41.040756
d7253d35-a065-4848-acff-7159f645ee7a,Engenharia de Software,ACTIVE,2026-03-17 06:39:12.418507
e6ab2e8a-c884-4047-a3c5-dd0377e0b7df,Ciência de Dados,GRADUATED,2026-03-22 01:06:52.369322
660a05af-4c75-4434-b54b-f9afee80236a,Engenharia de Software,SUSPENDED,2026-01-12 08:05:55.055182
f32d535e-9577-475e-baed-071cc920f98d,Direito,GRADUATED,2026-01-19 15:33:26.272699
7bdbe4e1-d52b-475b-ab24-edf69f40d53e,Ciência de Dados,GRADUATED,2026-01-11 19:43:58.751120
4d287293-d57c-45bd-813a-5ed92e0a7747,Administração,GRADUATED,2026-01-09 16:31:08.368607
1dae64c3-645f-4bbd-ac28-473d93f2ebda,Administração,SUSPENDED,2026-01-31 00:28:48.594153
168f2d7c-8b86-467f-916d-b2a28773a091,Ciência de Dados,GRADUATED,2026-03-26 21:04:20.035933
27322efd-9fd6-4f4a-bac6-226a5ca1b66c,Administração,GRADUATED,2026-03-30 08:04:04.416701
da3cc0e6-e2dc-4243-8acf-e3edcae26eef,Direito,DROPPED,2026-03-21 18:41:36.861521
85f9658d-7a16-49a8-9e2c-2b555fc824d2,Ciência de Dados,DROPPED,2026-02-20 22:17:49.231287
56df8eca-dc11-43e1-becb-732cde280d59,Ciência de Dados,ACTIVE,2026-01-23 09:43:14.902493
f12e9252-3966-46a0-89f5-3ba4250b6452,Direito,ACTIVE,2026-02-15 17:46:09.329144
2a9def25-5fcd-4a89-a499-d6be9ffa3de4,Direito,SUSPENDED,2026-02-18 10:34:58.500576
532e68a9-18b8-47a8-b53e-abe770fc6b42,Ciência de Dados,ACTIVE,2026-02-22 20:06:40.831362
5ba2e77f-f733-406e-a634-6a309660805b,Direito,ACTIVE,2026-01-08 15:21:01.070011
ca59e214-54db-41c0-ac59-0a7c8da5ada7,Administração,DROPPED,2026-01-30 11:24:58.045183
66233a29-c8ad-4962-b0cb-809a307f4827,Engenharia de Software,GRADUATED,2026-01-09 10:51:04.582627
31a1a510-288c-45ff-aba9-e28519aee73a,Engenharia de Software,DROPPED,2026-03-20 16:34:14.570723
5d984997-13c2-4be2-bec3-496eafa15e05,Direito,DROPPED,2026-03-12 15:12:04.677505
02b79347-f919-42e6-bd50-5bc15e0e2563,Administração,SUSPENDED,2026-02-20 16:33:15.623118
f7abd5e2-6cc3-482d-b925-94e25146eda1,Engenharia de Software,DROPPED,2026-03-06 15:55:45.414039
0c4d00e1-bda8-487d-8b99-632e99eb7650,Direito,SUSPENDED,2026-02-14 07:28:59.045777
ccdfee1e-f953-41f9-9874-16cc8f915886,Administração,ACTIVE,2026-01-04 22:11:09.091153
1f1ce01f-822b-4a39-a9d6-c24ee3ac3db9,Administração,ACTIVE,2026-02-17 09:26:35.619678
d9291051-9a0c-4a33-ab9f-72023f7547b4,Engenharia de Software,ACTIVE,2026-02-19 10:19:03.288007
cf2e5ea6-422b-4493-a5b0-f30d2e4cc58b,Administração,GRADUATED,2026-01-22 16:26:44.627004
46a0146c-5fd0-447f-8e1d-50b2a09262c7,Administração,DROPPED,2026-02-01 23:25:44.547283
645ec662-9c86-403a-b783-2f9fee4f4661,Administração,ACTIVE,2026-01-27 04:28:14.150675
f4f1b3c0-daca-422a-8a8b-0caecf42668f,Administração,DROPPED,2026-03-26 03:20:50.720528
c32f59b6-e931-473e-865b-4a6e164199e6,Administração,SUSPENDED,2026-01-16 19:53:18.170400
2e13f2dc-4b08-4d3b-9d45-eeca9119e10d,Engenharia de Software,SUSPENDED,2026-02-03 09:13:49.440285
a9e7cdea-94c4-4b83-9522-373cc61a15cf,Administração,SUSPENDED,2026-02-22 22:57:10.841079
c3ee0b9e-3478-42cf-a6e3-2e01b2c93101,Engenharia de Software,DROPPED,2026-01-24 02:59:32.847224
2d1e8f87-e144-47ca-82ce-1410a4bc08f7,Direito,SUSPENDED,2026-03-02 10:15:15.021758
1a65f1b7-e89b-4dd8-9618-043ab3af9d7a,Ciência de Dados,GRADUATED,2026-01-27 11:31:21.774850
1f87c454-f46d-4d24-8bf1-8b774e904223,Direito,DROPPED,2026-01-09 22:38:17.317170
24820391-9f2c-491d-b10a-4f66fae41120,Ciência de Dados,SUSPENDED,2026-03-07 05:23:48.124620
3fd42877-56ec-4414-803c-90f01a9562db,Engenharia de Software,SUSPENDED,2026-02-22 00:46:34.614925
72841cb2-d3fb-453f-bdbd-7ef0453862f0,Administração,SUSPENDED,2026-02-17 14:45:11.092013
7436aa49-d822-4577-bcbd-876a84bf7a77,Engenharia de Software,ACTIVE,2026-02-13 22:36:41.363159
5f1e5176-bab3-46ae-92b9-e70d1c6f6db4,Engenharia de Software,GRADUATED,2026-01-27 19:16:57.133267
c32c781e-f9e7-4643-9ce7-0dec932d1df0,Administração,SUSPENDED,2026-02-12 01:25:53.385312
e6e7b60c-38d5-4560-945e-7eb232f93a3a,Administração,SUSPENDED,2026-03-12 23:04:28.660001
544f00dd-4842-45bb-a301-a9675ae6c88b,Engenharia de Software,ACTIVE,2026-01-25 18:42:25.572392
58d68d95-eba0-4879-bf54-ab5e1b5d1e19,Ciência de Dados,SUSPENDED,2026-01-09 03:44:23.978953
2e1dff1e-39c1-4fe9-9fcf-e2e19dc202a4,Direito,ACTIVE,2026-01-20 12:44:10.657007
9ad4002a-e48e-4407-94a6-a5396686ed7b,Administração,GRADUATED,2026-01-30 04:39:52.155821
c1fdfa45-49cd-4b13-850b-687010a44192,Direito,ACTIVE,2026-01-19 13:51:18.018019
d687cb8b-0f13-44d7-99cc-f772e214380e,Engenharia de Software,ACTIVE,2026-03-20 10:02:56.011875
5f44cb5f-544c-4006-8db9-fe838c652dab,Ciência de Dados,DROPPED,2026-02-22 04:11:12.804009
da5af131-60b4-438c-8da6-2e7e61e81348,Direito,DROPPED,2026-02-05 15:37:00.547888
594f9892-441c-4951-975a-bc2cd4e78751,Engenharia de Software,SUSPENDED,2026-03-02 04:10:48.455674
1c055359-9c58-47cd-89c9-cf2d87678acb,Ciência de Dados,DROPPED,2026-02-10 00:21:09.121578
e67fb6e0-71d7-4cb5-b369-a13577d46734,Ciência de Dados,SUSPENDED,2026-03-14 02:58:51.717726
555442fe-694a-45f0-ae29-13b2d8b1c88f,Administração,DROPPED,2026-02-21 21:32:48.394842
8743f1c9-0e82-4a96-bafd-05403d910ac2,Administração,ACTIVE,2026-03-27 20:10:29.927766
55404fba-8a2b-4069-967b-c41b00780d8f,Ciência de Dados,SUSPENDED,2026-01-14 20:39:24.979039
2adfcace-8b86-4b8d-bdb6-36e1fb0dae87,Direito,GRADUATED,2026-02-21 18:51:30.502601
8994d167-f8c5-469b-9b2c-dfa4fbe43a8f,Administração,GRADUATED,2026-02-22 17:48:58.721469
2182df0b-6adb-4414-b7ee-2fe6951cf9a5,Direito,SUSPENDED,2026-01-20 03:17:12.944918
754b07c0-dacc-433c-9eec-9c265006df15,Administração,ACTIVE,2026-01-27 19:48:33.992682
238454f6-b979-4b43-a231-90d5af956f6b,Administração,ACTIVE,2026-02-09 07:26:07.723000
66e274fd-584e-4335-8f5c-4721608707ac,Direito,GRADUATED,2026-02-27 00:39:02.939707
5e20b9ec-2a5b-4214-84ab-72f25cd1017f,Direito,SUSPENDED,2026-03-17 05:38:40.990736
c65af615-ed02-4a3d-a030-46ec772a09a5,Administração,GRADUATED,2026-01-21 04:30:38.306093
d370b860-0fdc-435d-a9bb-18ed44a1391c,Engenharia de Software,ACTIVE,2026-03-17 21:54:36.231671
a097cb9e-1a3c-463f-b9d3-292122cd065d,Administração,GRADUATED,2026-01-27 06:03:00.703053
ae78c352-1132-4623-b919-5722d55760f5,Ciência de Dados,ACTIVE,2026-02-27 08:46:05.226622
01df0e35-20b1-460a-af08-8ea038575e7e,Direito,SUSPENDED,2026-03-18 13:49:49.584123
2f808363-c1a5-45a8-8fce-6fe878b158cf,Engenharia de Software,GRADUATED,2026-03-21 03:03:01.704139
2732c2e3-f6d7-4034-82ad-9b85de71b6a3,Engenharia de Software,GRADUATED,2026-01-24 16:43:58.427018
6e6f2ac5-ae45-4474-8222-2279ed55694a,Direito,ACTIVE,2026-01-14 00:52:00.429778
bb14f98a-86ee-4862-8eb7-ec0df72be914,Engenharia de Software,ACTIVE,2026-03-08 21:16:51.843628
4a006c31-7d8e-4042-a81f-c69bdb59313a,Administração,DROPPED,2026-03-21 11:18:42.529833
6a0d5a5a-6640-4b28-8ab6-82828e86a817,Ciência de Dados,GRADUATED,2026-02-08 08:34:57.712843
56a44ba5-c14d-4401-be69-5778de9130e5,Ciência de Dados,SUSPENDED,2026-03-16 19:33:27.799122
960bf70b-e970-44b0-9c1c-73298b41fb8c,Administração,GRADUATED,2026-02-06 19:59:03.591362
73d46340-9e99-4740-bd64-4501775cc3f5,Direito,DROPPED,2026-01-15 08:16:10.587037
c1f05bab-ae7b-40db-a5ab-75ca18a4c4cb,Engenharia de Software,DROPPED,2026-03-29 21:44:17.420064
710314ed-7fe6-42f2-86f6-046a4e12752e,Ciência de Dados,DROPPED,2026-02-06 14:56:21.949469
ab8858d8-be08-42bf-9dbc-eb08548cc3c2,Engenharia de Software,GRADUATED,2026-03-01 10:43:03.563189
3a93854b-464c-44ea-bfa8-6a9075ccac96,Administração,SUSPENDED,2026-01-23 14:07:03.747741
fdfab67c-809f-4dd9-80ba-b04868e1900e,Administração,DROPPED,2026-03-26 19:57:02.311093
1d26f12b-56ef-4726-b27c-cc4364dcad67,Administração,GRADUATED,2026-02-09 06:54:55.164627
4af133f1-0fa7-4f0b-873d-4fdc261876f2,Administração,SUSPENDED,2026-02-24 20:49:19.970233
b12b4734-515a-4355-be4d-0fa4baf4f224,Direito,ACTIVE,2026-03-21 12:32:28.976526
d5c04d09-88f9-4863-bc28-5f98e09524ae,Direito,SUSPENDED,2026-02-16 12:49:35.824451
247d83af-b9d7-4148-b699-4e3d114000cd,Administração,ACTIVE,2026-01-25 05:10:06.150886
22bb0911-5693-4b7f-86bb-f0bc848dcd90,Direito,ACTIVE,2026-03-06 15:58:36.070095
b5d27d0c-9a12-44ea-9c20-f7ed4e8e9540,Ciência de Dados,GRADUATED,2026-01-08 15:43:02.754973
e98ef5ae-f459-405b-acb5-ac0ac8f2d17e,Direito,GRADUATED,2026-01-27 17:29:18.907342
a900f2c0-0fb9-4bcb-bc2e-229d141c0985,Ciência de Dados,GRADUATED,2026-01-14 06:15:13.661224
339de5fc-076a-497b-ace3-5600ede2053c,Engenharia de Software,ACTIVE,2026-03-06 18:02:06.151341
7e9d3870-894a-45a0-9708-bcffc34d9c1f,Engenharia de Software,GRADUATED,2026-03-07 21:13:34.035214
ca3d4ddf-d7d9-4cd5-846b-938664f0e4d6,Ciência de Dados,ACTIVE,2026-01-21 11:00:42.253546
3f67a321-cfa8-47f9-bde5-82115fbac0b6,Direito,GRADUATED,2026-01-28 23:20:26.934448
1b0d3b29-758a-44e8-bd04-00249fcaed8b,Direito,ACTIVE,2026-01-22 22:02:46.377959
3d3e86f0-c3ae-49b8-b46b-ebd3bef78106,Ciência de Dados,GRADUATED,2026-03-28 09:41:28.483299
b62d2dd3-72f8-4996-8725-ef1b9e8f38c0,Direito,ACTIVE,2026-01-15 22:03:17.962792
b953e0c0-99a2-4b0b-9ad0-0f9d1051ad10,Engenharia de Software,GRADUATED,2026-01-28 15:56:56.827765
168487f3-9a25-424e-84d3-8ba095c6cad3,Administração,GRADUATED,2026-02-28 22:19:30.128218
4ecf58db-0bd0-4169-aa0c-0c62fa96c492,Administração,ACTIVE,2026-01-20 08:01:37.584058
d025479a-5048-488b-8f42-f443721d657f,Administração,ACTIVE,2026-03-14 09:27:07.609345
1f3cb7e2-1fc7-4440-b458-6bb7c06446f5,Engenharia de Software,ACTIVE,2026-02-20 02:44:50.132883
07e7d904-bda2-4df4-9cf6-97a45ee5d764,Administração,DROPPED,2026-03-13 04:16:03.683245
67e6f325-d27a-4d82-803c-b8c5da45b413,Administração,GRADUATED,2026-02-28 07:36:26.519641
538aefb9-859d-474f-b566-37bd0d36627a,Administração,GRADUATED,2026-02-23 06:06:10.296719
52658f20-d799-4c1b-a550-eb80baa6151e,Administração,ACTIVE,2026-02-21 11:22:37.047272
eb154c17-c854-482a-9ad0-504dde2483c2,Ciência de Dados,ACTIVE,2026-02-22 14:29:19.179320
af913efb-ec93-4f6f-87c5-99621c0c2707,Direito,GRADUATED,2026-03-11 17:03:29.662835
d6e32ed7-9136-432d-9a70-4e1e19d369f7,Ciência de Dados,DROPPED,2026-01-27 20:34:05.166063
da97bdb8-b53f-4fbf-9836-c695874347b5,Engenharia de Software,SUSPENDED,2026-02-20 01:50:15.791700
8e07d497-9aea-4230-ad01-0d46b4fca8aa,Direito,SUSPENDED,2026-03-26 21:48:40.572765
abd6577b-23eb-4020-a91d-a0b7fcc1c356,Administração,DROPPED,2026-03-23 10:47:24.581667
f6850364-d782-483b-8ed1-39c8f1e097e0,Ciência de Dados,GRADUATED,2026-03-20 16:44:35.439273
3e662af6-e137-41cf-ac2b-b1786e4b95fc,Ciência de Dados,SUSPENDED,2026-01-10 16:39:11.727387
7822c0b3-0236-4f6a-9a27-5de651d28025,Ciência de Dados,GRADUATED,2026-01-06 03:58:43.983358
bbf89dff-ea50-4008-9064-82ac494df48b,Engenharia de Software,ACTIVE,2026-03-01 20:47:34.605244
db611a03-0d4e-4c86-b8c7-ca0d6b14c8ac,Ciência de Dados,SUSPENDED,2026-02-21 09:21:09.659615
c85f47f6-e46f-466d-b4f2-b671afada289,Administração,SUSPENDED,2026-02-13 05:21:05.748955
cf0d905a-b9ec-4c2b-9c6a-f611de2e2c53,Engenharia de Software,ACTIVE,2026-01-28 00:35:45.301203
e5c43ed4-52bf-49d5-b361-decdc4b2e0ba,Administração,ACTIVE,2026-02-24 06:56:26.441483
8ebde38d-ebf6-4562-8d81-799ef4aaf876,Administração,DROPPED,2026-03-03 22:26:19.991401
cc5a49c1-8032-420d-aa7a-0156909495c7,Direito,DROPPED,2026-03-02 18:56:26.020206
6cb16cdb-f885-4bcc-b9e4-15b35c24b887,Engenharia de Software,DROPPED,2026-01-18 16:11:54.311086
06c158cf-0b22-4d71-8535-99cc6ada8d1f,Administração,DROPPED,2026-01-25 19:58:10.222980
a7639476-4012-4973-ba95-ad828bc0e72c,Ciência de Dados,GRADUATED,2026-02-27 00:41:18.798080
785e5925-3ac2-4ac8-9387-c9d7fb1e3d9a,Direito,SUSPENDED,2026-01-20 02:28:44.054517
77e87e8a-ecd9-4321-9108-8ec38d182db5,Administração,SUSPENDED,2026-03-25 16:36:43.144925
92513776-1b65-4a82-936e-656b2352e06a,Ciência de Dados,GRADUATED,2026-01-17 17:43:27.983177
b2d46aa0-9a13-49fb-9b59-7affbf2b13bf,Direito,ACTIVE,2026-02-21 17:58:38.799227
1c172732-6115-45c7-b723-d9d8ad6d7e1f,Administração,GRADUATED,2026-01-29 23:14:14.619952
ea7b496a-43dc-40c5-a911-ce680579a98c,Direito,GRADUATED,2026-03-01 09:01:32.875792
a82b035d-65cc-4a2a-bbde-f548c4163745,Engenharia de Software,SUSPENDED,2026-01-27 00:27:37.977783
44fda2b9-054f-49bc-93c5-9cdae1467908,Direito,SUSPENDED,2026-01-09 23:26:05.515088
8a5dd285-0a5e-4257-82e1-6a7118748ab6,Administração,ACTIVE,2026-03-21 04:23:04.855870
f406ab27-6a01-436d-a1b3-6ea74be59a03,Administração,DROPPED,2026-01-12 02:02:07.173384
43f1bb72-8fd8-4443-9ea7-d93fcfb75b24,Ciência de Dados,DROPPED,2026-03-28 00:54:04.524900
4d3490be-189c-4237-9345-3373b6df463e,Ciência de Dados,ACTIVE,2026-02-13 03:30:42.453571
5b0ed6a2-b6be-44ee-b6fc-d2b02bb3af27,Administração,GRADUATED,2026-03-21 00:30:38.472244
56b2b8a8-1106-4e5a-bd1e-ef9d4bc5e1e2,Engenharia de Software,SUSPENDED,2026-01-11 06:23:08.427498
b8312252-9427-4b0f-9b02-9b1c816d6d0c,Direito,ACTIVE,2026-02-24 06:29:17.893410
95eadd6d-3c07-46b9-bb2a-a43eae2efa4b,Administração,SUSPENDED,2026-01-21 18:51:42.273479
30485914-c876-423a-9850-a05e17608313,Administração,SUSPENDED,2026-02-27 00:43:50.473329
a6a892b8-b67c-4ead-9033-95b9a83c5b42,Direito,DROPPED,2026-02-05 12:46:26.639598
8c19f491-d628-4a10-90c3-4745c015aa9b,Administração,ACTIVE,2026-03-24 18:07:18.067012
c7e16179-248e-4a38-8e71-0aaa05459471,Administração,ACTIVE,2026-03-28 12:27:02.024023
6db6613b-60d5-4935-abe5-c0b32590e406,Ciência de Dados,GRADUATED,2026-01-10 11:50:49.507861
9fea42f0-a4fd-4bed-8ef8-ceeaf8ad3d80,Direito,DROPPED,2026-03-13 09:27:34.468788
483a57a0-a129-4a45-83af-9bb00b4b5f87,Engenharia de Software,DROPPED,2026-01-11 09:50:02.465781
d0ea999c-56b7-4dac-beab-8c0fcf444dfb,Administração,ACTIVE,2026-01-30 08:39:01.003091
36c66e46-861d-478c-a657-a8539fa13072,Engenharia de Software,ACTIVE,2026-03-15 12:10:39.792877
67dc09ee-a63e-470b-be3c-366834f7eeea,Engenharia de Software,GRADUATED,2026-02-28 22:39:29.780158
a6948b5d-6d1f-4d25-bf48-3fda0a99d809,Ciência de Dados,ACTIVE,2026-02-09 15:24:00.235565
c996b038-9d94-408d-81e8-d443b18b0a36,Administração,SUSPENDED,2026-01-22 00:52:31.373161
312773d3-76d0-49a4-949d-140d3cc4f9d2,Direito,GRADUATED,2026-01-26 11:52:33.905274
d7e90645-9bca-4e21-9ac5-158964af945a,Ciência de Dados,DROPPED,2026-01-29 21:14:24.008542
38c5b627-b054-40b7-a9a8-b92defffad6c,Administração,DROPPED,2026-03-28 20:34:51.534040
86973d3f-5e63-4224-8faf-8704aca26878,Ciência de Dados,SUSPENDED,2026-03-12 08:51:19.025695
9421c7b0-5786-46c7-9e17-73fdfafb3505,Administração,ACTIVE,2026-02-04 12:50:50.303593
eeb6fbf9-7b36-4750-93fd-189b756a6fdf,Ciência de Dados,SUSPENDED,2026-01-22 05:07:50.541229
ced7e808-f67c-459f-8f74-d2e96de71d5a,Administração,DROPPED,2026-01-17 19:41:09.919374
c8b27198-45fb-48d9-8099-442798129aa4,Engenharia de Software,SUSPENDED,2026-01-07 22:06:17.865055
0e95c4a6-9ad3-4a8f-9b19-d6544e83502b,Administração,GRADUATED,2026-03-25 04:12:00.652410
87a523ca-0040-4c83-b602-81f491c3adb7,Administração,ACTIVE,2026-03-07 06:47:55.272396
3e11b61b-65ee-40fd-88df-e74427b961d0,Direito,SUSPENDED,2026-03-07 07:24:53.940382
57cb41f2-0732-40c5-9cf1-1b7bce6686ec,Administração,SUSPENDED,2026-03-09 16:11:09.585229
10fd91e9-eebf-4011-a431-77299892fe79,Engenharia de Software,DROPPED,2026-01-27 01:08:16.990490
36185e40-a675-4490-a778-44dd1cd30e5e,Engenharia de Software,SUSPENDED,2026-02-16 00:53:42.751095
6ab436e7-f1b2-40fa-ad28-7b4f2fe753b4,Administração,DROPPED,2026-02-04 10:22:56.052181
c6430dda-303e-43c7-96ea-e9f177575b24,Administração,GRADUATED,2026-02-13 13:38:58.894248
28c71035-51a7-4888-9301-1968bfdd415d,Engenharia de Software,SUSPENDED,2026-02-27 16:47:43.104869
fde6eb58-7a9a-4704-a8ae-66b716bcd406,Direito,SUSPENDED,2026-01-28 04:23:56.150699
ff40051e-ac7b-4606-9ebd-e1d02f8b7d4e,Direito,GRADUATED,2026-02-01 05:31:37.876657
1002b363-3d50-4675-a9e4-aa829b23874c,Administração,SUSPENDED,2026-01-26 23:51:51.282431
39d96071-b930-48ce-9606-90de9b503edc,Ciência de Dados,ACTIVE,2026-01-20 15:41:10.372655
7f0d5da3-ad22-4f3f-87ed-2fc185be25cc,Administração,ACTIVE,2026-01-21 04:52:06.343081
66af374c-b865-490f-a0c2-e0c46ced42bf,Direito,DROPPED,2026-02-17 19:02:14.266718
d55d022a-7b77-4b44-a48b-445dcb2d5c5f,Ciência de Dados,GRADUATED,2026-02-16 23:09:48.849168
d32a3fc9-36f0-43ec-b8e6-909b58a5dfa4,Ciência de Dados,DROPPED,2026-03-12 15:33:44.253264
9ddd7719-6dce-477a-b150-663ac15b37ea,Ciência de Dados,GRADUATED,2026-02-14 10:24:27.681632
c22373fe-cedc-4c72-9ec9-9d38ba4e2949,Direito,SUSPENDED,2026-02-27 15:22:52.314720
8bc76fe8-b403-4fa1-b9f9-39eab442f793,Engenharia de Software,SUSPENDED,2026-03-01 21:32:17.630291
0b86147c-7d45-4a38-b315-6181c982ee50,Engenharia de Software,ACTIVE,2026-02-10 00:41:25.763037
f5978141-b7a0-4858-bee7-5399e77f3305,Ciência de Dados,SUSPENDED,2026-03-28 12:40:43.959677
07c850b3-77b9-4467-8b1d-6707da255e07,Administração,DROPPED,2026-03-27 13:39:55.257110
99b06be6-5832-47b9-a3b7-282293210481,Ciência de Dados,GRADUATED,2026-02-26 03:42:13.914014
c2b30a25-0bf5-469d-b7c3-cb5770cd7641,Administração,ACTIVE,2026-01-08 11:06:32.416545
03058b01-9a52-4baf-922b-3616ebd7c66f,Engenharia de Software,DROPPED,2026-01-06 22:35:11.517174
6fc8e41a-af75-4801-bae4-56cd70e109d9,Direito,DROPPED,2026-03-22 00:16:48.158339
1e5f5925-8634-4646-956c-425b907cf8d2,Engenharia de Software,ACTIVE,2026-03-10 02:34:23.451005
c7083ee0-02be-4c8e-8b92-0c046cd3ceac,Direito,DROPPED,2026-01-03 03:49:54.360398
f6574496-3333-47b9-9a49-335624ac0bb1,Ciência de Dados,GRADUATED,2026-01-01 18:09:18.181934
e40a70cf-008e-47a9-a8d0-c38182e32f2a,Administração,GRADUATED,2026-02-24 23:40:26.092496
ccf5df7e-2078-4cc5-9780-f3e09570f85e,Engenharia de Software,SUSPENDED,2026-01-08 04:15:16.499383
6a5bb900-5ccd-4ea7-867d-89bf05f07ebc,Engenharia de Software,GRADUATED,2026-02-10 12:58:59.181695
9086532c-6731-499e-ab8c-fb50e24dfec1,Direito,SUSPENDED,2026-02-10 09:49:23.964093
fd0b4a3e-4665-47db-8505-52cd65bad2a7,Ciência de Dados,DROPPED,2026-03-07 02:44:18.639257
677693cb-654a-45dd-b196-836c0902e8bb,Administração,DROPPED,2026-03-14 01:57:43.942977
d51ed42e-e4ff-4d60-9cd9-82a30fd2be14,Ciência de Dados,DROPPED,2026-01-23 02:28:25.725387
04863ece-2883-4d67-be96-9ddc3fecaf49,Direito,SUSPENDED,2026-02-24 20:23:06.008166
1a36c7ce-3b9e-40f0-bb73-627cf828f753,Ciência de Dados,DROPPED,2026-03-09 10:52:35.989805
8b928819-eb9f-48c2-9a4e-c56e3fd86978,Engenharia de Software,ACTIVE,2026-03-24 21:40:04.858606
4de7db61-05a2-412c-abd5-78d2cf8cd07a,Direito,SUSPENDED,2026-03-17 02:20:19.911956
82a78ae5-cb89-4f6a-bfe5-9e7d58418d4c,Direito,GRADUATED,2026-02-14 17:51:44.193532
d3bf9246-2271-4f19-b325-3701de02ef88,Engenharia de Software,SUSPENDED,2026-01-12 02:22:33.613038
392aa87d-0f6a-4b85-870c-190cf8f1a837,Engenharia de Software,ACTIVE,2026-02-12 10:18:17.104534
905f3ab5-4007-4d25-8e14-30f2345ad267,Ciência de Dados,GRADUATED,2026-01-13 22:29:57.614585
56190bd0-8980-4153-9b01-23d7fda59439,Administração,GRADUATED,2026-01-31 01:11:29.361518
55639acb-e986-4bcc-9a94-036f709fef15,Direito,ACTIVE,2026-01-13 07:21:52.502895
5659e9a3-8bbe-41b6-9749-c521c2c01db9,Administração,SUSPENDED,2026-01-25 02:07:16.777569
d0c4527f-4356-498e-95e7-7939cd4c7588,Direito,SUSPENDED,2026-03-13 19:06:03.027972
1b3fa15a-5a8f-48cc-8bd7-083bbe6f418a,Ciência de Dados,GRADUATED,2026-01-27 12:34:30.328120
3dfbe296-7b72-4941-a763-7d96c87abbeb,Engenharia de Software,GRADUATED,2026-02-24 00:53:55.267059
9961ab90-3bf4-44b8-b60d-32aa32782cc2,Direito,DROPPED,2026-02-14 12:25:02.260722
94180323-ab4e-421c-99f3-f1cbc0f3d8bd,Ciência de Dados,SUSPENDED,2026-02-15 08:32:42.911089
9ba4ca24-3966-4c2e-b956-bbd4e403a4ac,Administração,GRADUATED,2026-01-18 22:16:45.430566
2c52429e-9c2d-45d7-9c28-80d192b0961f,Engenharia de Software,SUSPENDED,2026-03-16 08:20:37.691465
ee77754f-b36e-4e3f-a054-e68b32d44590,Ciência de Dados,SUSPENDED,2026-03-25 22:44:27.672776
0f7e9212-0fc7-4038-a074-a2a63c0577bf,Direito,DROPPED,2026-01-17 11:11:48.085301
89ea0e44-9584-4603-b80a-1f6b17a28249,Administração,GRADUATED,2026-02-02 18:08:34.631614
f10c55d8-7499-4a92-ace8-82fcc818fd3b,Administração,SUSPENDED,2026-01-06 22:03:41.824546
5947336e-59fd-4649-9b70-864bf9e5a7e3,Ciência de Dados,ACTIVE,2026-03-21 07:48:57.650484
7fb42e5e-8192-4bd9-bd02-72d1bc08d122,Direito,GRADUATED,2026-02-11 17:14:23.009055
d554ba55-0526-48e8-8202-fcc6a55e42ad,Direito,GRADUATED,2026-02-04 20:08:17.619587
72eb0bce-364a-4ff7-a208-af64b02e7d87,Direito,GRADUATED,2026-03-16 23:47:51.484852
c4831521-59a8-4b24-82b6-f51fa92486c5,Administração,GRADUATED,2026-02-25 16:47:45.595114
a101e24e-b80f-43f9-a40f-21ec48e5fef1,Ciência de Dados,SUSPENDED,2026-01-21 22:41:30.085415
884bbff5-f59b-4bfc-a120-4a561a55eca7,Ciência de Dados,ACTIVE,2026-01-18 07:07:13.758132
c037a9ab-8639-4a53-95c5-afc3c5b4cdc5,Ciência de Dados,ACTIVE,2026-01-13 23:16:56.430166
32947c39-592e-4053-b487-569eceb97d5f,Direito,SUSPENDED,2026-03-11 07:56:42.730227
8bf187d3-3651-42de-a2ce-aaa101c4b38d,Ciência de Dados,ACTIVE,2026-02-13 09:38:04.068155
04b5b93f-26a1-4d08-8af7-38f323221c56,Administração,GRADUATED,2026-02-04 17:54:29.804573
912a0ce8-aeb2-402d-9e26-64eaeeeb2ae9,Engenharia de Software,GRADUATED,2026-03-27 00:25:48.206391
7f79db6b-d32d-4b2c-9945-b9da63cd58b2,Ciência de Dados,DROPPED,2026-02-20 05:35:39.504576
5462987c-30a2-4883-ab4a-ddfb307dac43,Direito,DROPPED,2026-03-05 12:53:53.742459
b6fb6b7b-941f-4e81-b67f-614793e8ce67,Administração,GRADUATED,2026-01-20 07:02:16.052675
23d30fcb-130f-461e-a478-3683c08d9e84,Ciência de Dados,GRADUATED,2026-02-27 19:46:51.894587
5a7bc62a-d744-4b77-a9c0-65fbdee118ec,Direito,GRADUATED,2026-03-27 15:47:02.473609
7bd7e1f5-9d9b-40ad-81db-2a26c25d3e58,Ciência de Dados,DROPPED,2026-01-12 21:47:34.472803
0c6fbd53-6458-4db8-b67d-9252c9ddcc10,Direito,DROPPED,2026-03-02 19:58:19.219729
63b553f9-a07d-4497-8d08-e776b9adb640,Administração,SUSPENDED,2026-02-11 18:39:34.924049
cfa2fdf3-a861-479d-b6dd-f56adb387780,Engenharia de Software,DROPPED,2026-02-19 04:33:01.473318
5a92f756-064f-4c99-9d15-53ab713dbd3f,Ciência de Dados,GRADUATED,2026-03-07 06:45:45.580656
ef436a88-0af5-4003-8d26-0532d50086a4,Administração,ACTIVE,2026-01-03 04:06:47.386938
521ec37a-e21a-427b-bc8c-91056741aa95,Direito,GRADUATED,2026-03-24 18:30:02.040475
0cd0861d-a6d1-45b4-9f5e-d11fc2504b7e,Administração,DROPPED,2026-01-10 07:58:54.235347
cf9cea63-6220-49c7-9314-fb8362b6f39d,Engenharia de Software,ACTIVE,2026-03-15 00:22:39.554037
4a04d791-afab-476d-962c-91dccfa97d34,Engenharia de Software,ACTIVE,2026-01-24 23:49:00.188132
97ef3ad1-fdc1-49f3-96f8-5c73df1bff2b,Administração,GRADUATED,2026-02-28 03:33:30.540803
6567facf-3afe-4af3-bf84-49efe1ac5a04,Engenharia de Software,DROPPED,2026-03-24 21:32:32.686133
798a4879-f961-48b5-98c8-3f4789de6971,Direito,SUSPENDED,2026-01-29 17:51:10.654574
7b4576bd-7635-431e-82c6-a358d6d7e693,Administração,DROPPED,2026-01-30 04:10:06.436275
ad49e201-40fc-4d5d-be2e-4b53c1a7ce43,Direito,ACTIVE,2026-02-19 00:32:39.034045
2fd74d80-e1ed-434e-9893-1ef4b96bb151,Ciência de Dados,DROPPED,2026-02-22 06:38:31.261160
a67254ea-bc92-4652-be18-4b022323470b,Engenharia de Software,SUSPENDED,2026-01-20 12:34:00.490369
68a7e9ba-1442-4734-9ec1-668af35ab31f,Engenharia de Software,DROPPED,2026-02-19 04:27:07.264616
9252cc48-1155-460c-b35d-2c7e48fe7d70,Ciência de Dados,SUSPENDED,2026-01-08 22:42:13.760746
1f2256db-0f34-4fae-a712-a3805f3124be,Administração,SUSPENDED,2026-03-03 06:43:04.731669
14702b8b-40d7-4d85-92b2-1b3a356d8cf2,Direito,SUSPENDED,2026-03-11 08:51:06.249607
07c54df1-77dc-47b7-8ffc-730b2b914d12,Direito,DROPPED,2026-01-21 03:15:05.499139
8411b5f7-389e-4504-9e2d-58f5bf3a0530,Direito,DROPPED,2026-03-18 07:42:13.989568
c50ee5a1-215c-4eef-a259-4d2862367cc0,Direito,GRADUATED,2026-01-07 07:34:21.213400
3f593971-2ca4-4fb3-9a59-409f581a5375,Direito,SUSPENDED,2026-02-18 22:57:44.382490
32d2faec-823b-4f91-bcb0-97a6690662ec,Ciência de Dados,GRADUATED,2026-01-06 17:01:32.677162
a1d70fef-b535-4203-9d82-25e9d2cf2527,Ciência de Dados,GRADUATED,2026-03-03 21:37:19.580062
facb43ed-580f-4ff9-9b68-227ab4e5888e,Administração,ACTIVE,2026-02-08 21:22:40.012361
3bd4b023-869b-4296-8536-a6e2542ea51e,Administração,DROPPED,2026-02-01 12:04:46.501650
091923af-28fd-4396-8803-59e50e43bcbe,Direito,ACTIVE,2026-03-28 20:50:01.873494
5eef120c-4139-490b-9376-4ceb09822bb2,Ciência de Dados,GRADUATED,2026-01-31 19:22:43.559181
b4d8c220-926a-484e-bbe9-495646064203,Ciência de Dados,ACTIVE,2026-03-06 22:18:49.703353
b4926f21-8db0-432a-8749-5572dbf44e5d,Engenharia de Software,GRADUATED,2026-02-13 04:02:15.786430
53ff55e3-7878-4f8c-8cb5-8159beb88d75,Engenharia de Software,DROPPED,2026-02-06 07:45:11.760113
26482c40-f6f3-4450-90d2-2511d0c4a625,Ciência de Dados,DROPPED,2026-03-29 15:41:13.518245
7aef71b2-286b-4f10-8dea-20fa24778a0f,Engenharia de Software,DROPPED,2026-03-28 06:58:07.550052
e48c3e9e-a869-41b5-ae72-5f9f005d7c64,Direito,SUSPENDED,2026-01-30 16:12:50.257669
9178073e-c217-4c65-935f-619ede338198,Engenharia de Software,SUSPENDED,2026-01-05 22:10:55.445276
4d4da065-6233-4cdc-a76c-2643e6372369,Administração,ACTIVE,2026-01-26 17:28:47.512073
455c91e5-7405-4c56-be77-da6c40b23ab2,Engenharia de Software,ACTIVE,2026-03-27 21:02:30.759938
43b07744-3721-4bf7-8351-b5a36875f60d,Engenharia de Software,GRADUATED,2026-01-31 16:20:06.910340
42899881-9451-4309-a33e-7fcb0a2166c5,Ciência de Dados,ACTIVE,2026-01-11 04:12:15.977224
076a619e-deef-4ee7-9dfb-957b3f8933d6,Direito,SUSPENDED,2026-03-10 16:57:02.895712
2d77dbc6-911d-4039-9be9-8e442d1d7589,Administração,DROPPED,2026-01-26 21:59:45.576766
57a8c71c-c2e0-4f27-a119-6509a2117f5c,Ciência de Dados,SUSPENDED,2026-01-17 14:36:16.073786
5795db93-e9cf-44fb-8877-e0d87ba85819,Engenharia de Software,GRADUATED,2026-02-21 02:42:28.480687
fce69593-ff08-4dd0-aa1e-fe3eafd06d8e,Direito,GRADUATED,2026-01-22 13:25:12.654470
7fb0cdea-a453-4d6d-a8c7-774b6d2bb82e,Direito,SUSPENDED,2026-03-16 20:55:16.284591
141ad95e-23e3-45bd-84cb-8d4d87d4a6f4,Direito,SUSPENDED,2026-02-28 17:03:46.092121
ee8aa833-6d6c-4ecf-8acc-d7b0bf2abbaf,Ciência de Dados,ACTIVE,2026-03-12 20:44:11.433260
90be80d3-b3dd-4a84-825e-3b24edd94a40,Administração,ACTIVE,2026-03-14 02:17:09.604120
f5f886ba-b37e-4abd-8cd0-0e3724dc3b94,Ciência de Dados,SUSPENDED,2026-02-10 01:56:45.796586
41da76e1-ba6c-45de-bdbd-b650eb000125,Ciência de Dados,SUSPENDED,2026-01-05 16:33:28.627992
f4837544-6de7-404a-a78d-bd279a938c6a,Ciência de Dados,GRADUATED,2026-01-28 09:05:32.904628
c52d6fa9-09b6-4e18-a5f5-73e7eea05cab,Ciência de Dados,SUSPENDED,2026-01-05 23:05:57.840915
1ae6b68a-5ab3-4a98-a015-271969a31eb5,Engenharia de Software,GRADUATED,2026-03-13 06:59:07.607595
23c170bd-1fe7-4daf-891c-4b8ade396593,Administração,SUSPENDED,2026-03-17 11:40:20.681765
50a6afe1-5128-4cf5-a3ed-a381c1a8840f,Direito,DROPPED,2026-03-30 00:47:33.598037
bcab93e5-7c21-4cbd-a6b4-55941af16618,Administração,DROPPED,2026-03-24 11:33:20.469851
be1c2e3c-29bc-48ba-af72-65ccb5201cdc,Administração,GRADUATED,2026-02-22 14:20:16.956433
08a0a341-dc2d-4323-a351-126a3f3a527c,Engenharia de Software,ACTIVE,2026-03-18 20:09:43.155129
bbb0aa52-9cf2-4dd1-8c79-32deefab1ccc,Administração,GRADUATED,2026-01-09 23:27:07.949708
7bf2c762-8c04-473c-9896-480de77283a1,Ciência de Dados,DROPPED,2026-03-20 22:03:42.692831
ca4384b4-a8c2-4a23-9cc9-9ba709a4be7e,Engenharia de Software,GRADUATED,2026-02-19 12:20:46.451437
a43bdb50-6fd5-471d-8f02-f5689bd4dd23,Ciência de Dados,SUSPENDED,2026-02-05 08:42:09.959113
71148d83-1ee3-4cc5-aa34-ec973bfbf02d,Engenharia de Software,DROPPED,2026-03-03 22:47:52.814305
73369474-417a-448a-b419-0d1bd5d5ec9a,Direito,DROPPED,2026-03-12 06:51:10.003721
fa82f068-cce9-4760-96df-c0404463c379,Administração,GRADUATED,2026-02-24 14:37:28.708929
8ad2a742-204e-48cf-94af-3a7b1d7edfd5,Direito,SUSPENDED,2026-01-23 08:27:15.675885
bfee672a-0595-4c14-860e-15f873724c89,Engenharia de Software,GRADUATED,2026-03-04 03:35:33.593784
ff5747ce-cf87-49cb-aaa1-561ac01e7620,Administração,DROPPED,2026-02-28 22:45:04.239680
a0cf2c1c-84b4-4309-858e-e5542c39adc7,Engenharia de Software,GRADUATED,2026-03-18 14:17:56.673625
214af531-2b2c-4ce1-9fd5-aa65ea2b43f2,Ciência de Dados,GRADUATED,2026-02-15 01:50:08.773847
9cc426c0-a4b7-4a7f-a017-5d8a02a49a3e,Direito,DROPPED,2026-01-30 21:36:51.090111
b2a2cbec-b19e-47e9-9f22-7838af7e6783,Direito,ACTIVE,2026-01-27 01:16:08.480937
2d002d9b-e83e-426b-964f-fdc94e1ffb21,Direito,DROPPED,2026-01-09 07:23:41.049186
8342c026-6d98-4d72-8c7f-f4582d203e31,Ciência de Dados,ACTIVE,2026-01-21 11:35:56.570872
e65d02c4-b064-4339-a2ce-46cb5667f135,Engenharia de Software,GRADUATED,2026-01-07 01:45:45.113430
a2c55351-885b-4cfd-b99b-928243f5f0b9,Administração,ACTIVE,2026-01-10 22:40:11.722345
9cb7e830-b1e0-4df6-a71f-c8fff067fcdb,Engenharia de Software,DROPPED,2026-03-12 00:07:01.008322
ca4123d0-413a-432c-8afa-a1758290ddc0,Ciência de Dados,SUSPENDED,2026-01-11 09:58:49.798969
b371fce5-6182-459d-8a91-265f878ccc2e,Engenharia de Software,ACTIVE,2026-02-20 15:08:57.257735
c61aa96e-8e79-4ad2-99e1-67243a7a3296,Engenharia de Software,GRADUATED,2026-01-27 13:50:24.654325
71a673c9-9fb4-498f-b0bc-ef73031144d0,Engenharia de Software,SUSPENDED,2026-03-17 03:37:03.862706
24fcff14-6976-424d-b577-b4e924ec27d0,Ciência de Dados,GRADUATED,2026-02-19 23:01:05.039963
32244529-ddeb-43c1-a384-f04b9e625ab5,Ciência de Dados,GRADUATED,2026-01-02 17:40:42.922256
2ccd92b2-8e13-46e9-8a51-cb0b2059dcac,Ciência de Dados,ACTIVE,2026-01-30 16:21:12.051795
df531e12-518c-4607-92f4-72ce092eb916,Engenharia de Software,SUSPENDED,2026-02-15 07:32:53.079490
9c2262f9-226d-4800-a39e-318a2c11b14d,Direito,SUSPENDED,2026-02-14 13:24:38.114070
b301393f-c8df-4c89-bea0-2cbaecc20149,Direito,GRADUATED,2026-02-24 08:24:49.370117
40281d96-f317-4344-a96e-5ed7b5594a49,Direito,ACTIVE,2026-03-25 20:01:13.717264
a0a947ab-c704-4bdd-a4d5-06ea2b369e80,Administração,DROPPED,2026-02-23 17:11:38.031625
abd5dc98-6691-4e1d-a2ac-1187ec5da456,Direito,DROPPED,2026-01-24 08:51:33.108641
70e90513-7adb-4ee3-b34b-376db8f9ff3d,Administração,SUSPENDED,2026-01-29 23:57:48.762649
15c42e10-2163-4162-a8d7-cb2aa0746dfc,Administração,GRADUATED,2026-01-05 22:08:06.841997
7cb474ec-feb1-4a42-86b0-e3e9bad353e4,Engenharia de Software,SUSPENDED,2026-03-24 10:55:53.041883
2425b68b-bb8e-4a0d-aafb-82c339251a25,Direito,GRADUATED,2026-03-28 17:36:12.953083
a6daa594-94d4-43eb-a063-4a5ec1eb9704,Ciência de Dados,ACTIVE,2026-02-20 17:29:37.316092
e27af33a-a71f-4a7b-8502-5d2eb7201b6f,Ciência de Dados,DROPPED,2026-03-25 10:10:52.398510
1b2f2d69-9d66-4454-9ed8-5d8f9b205d03,Engenharia de Software,GRADUATED,2026-02-01 18:56:25.683596
8b54f7c3-1b5e-4f40-8e7c-3d2437d25eae,Direito,SUSPENDED,2026-02-24 11:13:48.534395
2d29b794-f649-4e45-ab6e-ec89f889050c,Engenharia de Software,ACTIVE,2026-02-02 02:58:24.868251
97f80834-af2f-4d78-b976-1d1a1f855ad2,Direito,GRADUATED,2026-02-04 17:30:07.113329
80779490-9baf-4830-887d-e1313a6c16d9,Direito,GRADUATED,2026-01-20 09:00:44.951343
5173c456-e74a-468f-baf3-f2deb5f189d6,Engenharia de Software,ACTIVE,2026-03-05 13:03:34.942297
6d21fb61-f7e5-4d7d-b505-2ee57345570c,Administração,SUSPENDED,2026-02-22 18:28:03.584508
da99035c-fe08-400f-a7cd-dd781eabcfc0,Administração,DROPPED,2026-03-10 23:29:02.112789
b1612e8f-5f74-4788-a131-57bf7030b9ae,Administração,DROPPED,2026-01-14 06:07:48.295807
2b802562-26ba-4815-b4ad-ac41ad69cf4b,Administração,ACTIVE,2026-02-11 15:02:37.394096
88a868a2-955f-4683-bd38-95da66d29eff,Direito,GRADUATED,2026-01-24 06:30:04.675807
c4b3bfb1-07dd-4283-b95d-17112aa42041,Ciência de Dados,GRADUATED,2026-01-09 10:16:21.040975
32da04a2-7d33-4d76-ae58-b0958e841fd1,Direito,GRADUATED,2026-03-24 16:53:39.788868
29cd5960-f697-464c-9fbe-41b0799e3063,Engenharia de Software,ACTIVE,2026-01-14 17:47:16.006105
66093a6c-6293-442f-8170-f9cfd92d6171,Direito,SUSPENDED,2026-02-21 12:20:44.045974
9cfec276-0725-4c88-9a86-ff206b0eb9cb,Direito,GRADUATED,2026-03-06 01:16:29.770777
7f721ff4-beb1-4d99-8d67-231bf0de1590,Administração,GRADUATED,2026-02-25 17:24:46.343292
9ea24d13-8d26-4e6f-97da-d21832d13839,Administração,DROPPED,2026-01-10 03:28:06.960636
c00a33be-eccd-4040-b66a-2e3605bf0790,Engenharia de Software,ACTIVE,2026-03-07 14:52:27.016299
86bc0711-d87d-4724-b50f-b3e1fda3bfdd,Engenharia de Software,ACTIVE,2026-03-03 04:31:59.566019
dc24aad2-b455-4344-a71c-ed62b92e3d56,Administração,GRADUATED,2026-03-10 22:07:42.785637
b98a326d-6d0c-429b-9735-7a62f2298eb5,Administração,DROPPED,2026-03-06 06:52:24.779541
ffe5d6b1-7890-4bb6-a3b7-151f059560df,Direito,SUSPENDED,2026-03-08 02:40:32.099246
ce8aa707-87f0-4010-b370-1eb653fea711,Administração,SUSPENDED,2026-02-27 19:36:37.593666
6aced9b6-f36b-4020-aebb-a699d67f0949,Ciência de Dados,DROPPED,2026-03-29 16:14:16.396592
cef46ff9-eadc-45b8-be58-5bcbb26264fb,Engenharia de Software,SUSPENDED,2026-03-19 00:08:16.992247
b1fc0e52-3e22-42e9-a3ff-1a2e665ff4aa,Engenharia de Software,SUSPENDED,2026-01-17 23:30:27.747090
83dc1270-c8c0-4579-a7ac-ab9b779ec7fd,Ciência de Dados,DROPPED,2026-02-09 13:51:01.459547
7566909c-d33d-4dbf-a9d1-9279ed22ee84,Engenharia de Software,ACTIVE,2026-01-15 17:52:10.662732
86bf5013-d2c0-410e-a7e2-93866eb2acc1,Administração,ACTIVE,2026-02-12 23:33:19.091226
78b48697-f88c-4d6d-b6a3-78cd148e742f,Direito,GRADUATED,2026-01-03 22:28:22.811675
776d4258-ec5a-4ba0-986a-c29a7eb20819,Administração,SUSPENDED,2026-01-04 08:58:17.362792
db17c26f-0d9e-417e-93e9-8a6c5ea5a6bb,Administração,DROPPED,2026-01-27 02:44:50.557926
407a7f41-9df1-4aec-836e-85e883cc97ba,Ciência de Dados,SUSPENDED,2026-01-02 07:31:32.164712
a254a1a2-efdc-425e-9457-36115c411599,Administração,GRADUATED,2026-02-21 18:39:56.034718
d3fd7445-f251-4787-bf87-ac10cfea221d,Ciência de Dados,ACTIVE,2026-01-13 07:44:14.016004
bb019ed5-4bf7-4543-9173-36680258c51f,Administração,SUSPENDED,2026-03-17 03:04:36.559349
bf141f01-ac46-4541-a15f-324dae0ff7d9,Direito,DROPPED,2026-03-22 22:54:23.981925
feb4ef35-dd84-4d26-9f55-c5aff3093fc5,Engenharia de Software,ACTIVE,2026-02-13 11:22:22.547907
c1229e91-2ded-408c-bc82-429d405a5774,Direito,DROPPED,2026-03-20 09:40:37.686582
e8657c95-ed86-4a14-b169-36949b510b50,Ciência de Dados,DROPPED,2026-02-13 09:54:59.690684
35bfc999-cb32-42e3-a1a6-c7c72e1b84c8,Engenharia de Software,SUSPENDED,2026-03-12 20:46:45.999543
6d76abb2-44b3-44d8-a5e6-5b38df3d4c93,Engenharia de Software,ACTIVE,2026-01-29 21:35:24.549428
684d4a68-ef81-4070-a580-74c87931175f,Ciência de Dados,SUSPENDED,2026-02-08 15:41:08.980383
efcb158d-1a44-48c7-a7b1-8886c2bc6fc2,Administração,GRADUATED,2026-02-17 02:11:34.966647
c500a057-0e56-48bc-aedb-16107f13a5e1,Administração,ACTIVE,2026-01-30 03:48:30.118565
3eb8ca04-e038-4acc-b374-ecf3d61eee00,Engenharia de Software,GRADUATED,2026-02-19 08:35:10.345656
dc477e61-63b7-44ce-aa48-71a4809e7a8f,Administração,ACTIVE,2026-01-26 07:57:16.561217
0ffb9675-6ef5-4260-98b3-37f743f43b5c,Ciência de Dados,DROPPED,2026-02-12 22:14:30.289809
39265059-4d05-4d00-aff7-f2de5892da41,Direito,SUSPENDED,2026-02-14 20:01:58.561396
013b729c-e084-4750-8cad-efa8f2bf4996,Administração,GRADUATED,2026-01-17 17:45:04.266011
d2750013-a61d-4f36-93a6-fcc4c0a8cec4,Ciência de Dados,SUSPENDED,2026-03-04 17:08:55.892221
cfa0dfab-88e7-476e-a41c-3ce66e4eddad,Administração,GRADUATED,2026-01-13 11:52:33.087067
5f29601c-844b-4620-b809-bc74f5ef56cf,Engenharia de Software,GRADUATED,2026-01-31 11:00:42.475377
29cb0c01-fd27-4509-b20b-bf82b62ea0f1,Engenharia de Software,GRADUATED,2026-03-20 17:26:41.192976
f2955597-7c55-4a65-b2ab-fddbf47637a0,Ciência de Dados,SUSPENDED,2026-01-04 05:52:52.468217
de2acf37-a5c7-46a3-8a2b-dd447f19fbfa,Administração,GRADUATED,2026-03-30 00:09:42.827246
8f221c39-8354-4538-b506-cf18e7dd6492,Ciência de Dados,ACTIVE,2026-01-15 01:06:05.667033
d5aad977-16fc-4cbd-b1f2-5deb8ae279cd,Administração,GRADUATED,2026-03-25 22:16:28.174005
865faa19-dd6e-4be4-a875-4ae71837222f,Administração,SUSPENDED,2026-01-16 11:38:17.223136
278cccb4-e507-4396-b26a-0a790d5f143b,Direito,DROPPED,2026-03-05 14:27:09.536729
00334049-d996-4c99-b94a-848063fe71f3,Direito,SUSPENDED,2026-02-06 08:50:26.309196
7acc9821-3e00-4ab0-ad04-8df1eb0378fa,Ciência de Dados,DROPPED,2026-02-24 04:56:07.929747
69cc0087-6a6f-4230-990b-4da5c8bbe566,Direito,DROPPED,2026-01-17 04:47:05.764454
54e6e711-3d69-40cb-8046-44de3fda5035,Engenharia de Software,SUSPENDED,2026-01-29 05:13:31.067041
d25f204a-5266-4ab5-907a-79948cad25dc,Engenharia de Software,GRADUATED,2026-01-24 05:50:34.343811
a39cb89c-eea1-4a2d-877d-61bedb14db8b,Direito,DROPPED,2026-01-03 16:01:37.024462
cf1b8225-9a2c-4b0e-8c42-f34a0bb1dfab,Engenharia de Software,GRADUATED,2026-02-21 20:10:16.313769
0b88aff3-8e5b-4b2b-b42a-20b0a08b3f9d,Engenharia de Software,SUSPENDED,2026-03-28 03:32:19.938648
f736a428-cfc3-4167-ab8c-8132613a2300,Engenharia de Software,GRADUATED,2026-03-14 18:23:29.878760
ea5ae3d0-454d-4b26-be42-2fcf646f5d1f,Direito,ACTIVE,2026-03-23 12:33:28.364735
f24343fa-27f8-4412-9a0d-590f9284576f,Ciência de Dados,DROPPED,2026-03-23 06:16:07.019696
8af3dae7-7c4e-460a-8b5c-d1c7075d7fae,Administração,DROPPED,2026-02-24 08:20:07.051665
1d80a40e-f910-4723-96d2-862ee5c816ba,Ciência de Dados,SUSPENDED,2026-02-02 16:39:42.564990
b436dc7c-06ba-455c-b229-fc7e93cc5f13,Direito,GRADUATED,2026-02-19 23:04:18.364290
29a0c099-9db3-4494-a553-69fc3392a06c,Engenharia de Software,DROPPED,2026-03-20 19:25:22.865185
c6d027bb-5937-4341-a287-81ca9171d22b,Administração,GRADUATED,2026-02-04 20:18:23.456957
19415b65-f26f-4dc4-b638-464bd5a6428d,Administração,ACTIVE,2026-01-19 01:22:18.310987
5c01204f-a52a-40ec-9ef7-e47aa314c7dc,Engenharia de Software,ACTIVE,2026-03-11 18:10:45.085186
49641c18-421b-406c-bfed-87dfd95b4306,Direito,SUSPENDED,2026-02-19 09:29:31.908918
6eb1aa71-fc1f-4c42-aa21-4bce2a8ce0f2,Ciência de Dados,SUSPENDED,2026-03-01 14:04:30.485266
c1804ad8-3a35-46d0-b7ea-15ca614967e3,Direito,SUSPENDED,2026-01-26 03:45:29.085114
00f543bf-662c-40b6-8896-5ff53ae7b528,Administração,DROPPED,2026-01-09 06:20:24.843267
df516c39-e9ad-4d7a-bd30-4d45998a6f42,Engenharia de Software,GRADUATED,2026-03-23 04:00:52.717701
bb4fe285-2c6e-485a-a25c-ba001f505a68,Administração,ACTIVE,2026-01-07 14:20:16.842835
692e7e03-e3f8-4fd5-8e19-8f2a79127ddb,Administração,ACTIVE,2026-01-31 13:17:50.566676
9c1badf0-46b4-4b58-92b9-5eae08699f8a,Ciência de Dados,GRADUATED,2026-01-27 20:49:24.887647
3b2dbfb2-7019-44ac-a847-abdd9fde1a91,Direito,SUSPENDED,2026-03-16 09:02:32.433827
52800d01-ae0c-4c88-b6ef-359dfb83d553,Direito,SUSPENDED,2026-03-17 21:51:32.318722
f02fe499-0945-4a94-952c-a0af7007f2aa,Administração,SUSPENDED,2026-03-01 11:37:54.868339
a10deb15-26ad-4428-aefe-139e5e41a6c6,Ciência de Dados,GRADUATED,2026-01-15 08:14:47.876422
c6a8293a-89ad-4863-b992-cc8dd5a4853b,Engenharia de Software,SUSPENDED,2026-03-14 00:35:49.777531
a7cd53ec-d4fc-4656-b6a1-129f08372ee1,Engenharia de Software,SUSPENDED,2026-01-03 23:01:25.457355
