student_id,timestamp,course_name,enrollment_status,grade_point_average,attendance_rate,scholarship_percent
5694e8a3-123b-4c79-9eae-7e16941a545e,2026-03-15T14:39:43.847840,Ciência de Dados,SUSPENDED,7.8,62,100
f7b960a6-2c4d-4972-84d0-b7614e46afd6,2026-01-05T14:09:10.681482,Ciência de Dados,DROPPED,8.9,73,0
2cfa1c18-8ca1-4cb2-b36c-4873a9fb2a51,2026-01-26T11:04:45.405111,Administração,ACTIVE,7.0,99,25
8c90b9df-f1c9-4c3c-b0cb-1eb0d38d5b14,2026-01-25T10:06:50.249552,Direito,DROPPED,1.7,64,100
3db44535-f747-4b95-836a-8d5c23e595b5,2026-02-24T04:50:09.727880,Ciência de Dados,GRADUATED,2.0,63,0
a05e980f-9926-4973-86a8-ba4a1c3bfcbf,2026-03-02T07:59:14.518627,Direito,GRADUATED,1.3,86,50
62e9709a-5c8d-48d7-a8c4-f9941dd391ba,2026-01-08T12:05:48.713369,Administração,GRADUATED,9.9,66,50
d4b1402c-6d17-4e26-a79d-2c81710bd222,2026-03-02T23:14:21.160458,Administração,GRADUATED,5.3,78,100
627889dc-03ff-45d5-a5cd-cbcce668e7ec,2026-01-21T02:56:09.587023,Engenharia de Software,SUSPENDED,5.8,76,0
33f4487a-2d92-4b4a-8390-6a19ac489a2a,2026-03-13T05:21:02.162570,Direito,DROPPED,6.1,59,50
5eafe86e-2743-40c4-aa96-5f5946b3ddfe,2026-02-24T12:50:49.652934,Engenharia de Software,ACTIVE,7.6,73,25
e3398222-40b5-4d89-85cf-5494cc20987d,2026-02-01T00:47:50.855160,Administração,SUSPENDED,4.0,76,0
2688e668-afe7-4c46-8780-4ba050e5f5e6,2026-02-07T07:05:21.336872,Administração,SUSPENDED,7.5,51,25
2c8cdfed-62a3-4259-9e9d-d371ca3a3391,2026-01-01T02:31:22.419254,Direito,ACTIVE,6.1,81,100
87ac32fd-bddb-4d3a-8e69-327e410abe8f,2026-01-05T11:56:24.906616,Ciência de Dados,SUSPENDED,6.8,66,0
0eb513c1-c9e7-41d9-9a1f-2dddc9aa6fd4,2026-02-05T18:29:37.865892,Direito,DROPPED,3.9,89,25
5605a7ca-294b-489b-b3f2-e2558aa39af9,2026-01-21T23:15:59.044958,Ciência de Dados,DROPPED,0.7,57,0
2a57540c-e7f7-48d7-b9d2-d81d1e021cff,2026-02-20T04:27:36.270278,Administração,DROPPED,9.0,67,25
b4aaf072-bb19-4954-bf2f-effc8938c3df,2026-01-08T11:53:36.692644,Administração,DROPPED,8.3,71,50
6a9c7fc9-55fc-4ac9-8a92-61476416ee03,2026-02-20T12:15:09.139432,Ciência de Dados,ACTIVE,7.3,94,100
54dd5da4-8f00-4e93-8c6b-5419fbc8aef1,2026-03-10T15:36:45.564443,Engenharia de Software,GRADUATED,8.1,53,50
353f4dbf-3ff9-420e-b47f-8193e52e11d6,2026-02-02T18:21:21.054976,Direito,ACTIVE,3.6,54,100
e0b5dc09-8033-4621-8c4f-b59912d626a6,2026-03-11T18:17:59.777788,Engenharia de Software,DROPPED,2.7,64,0
8ca3f3b0-6fb2-421e-bc05-75bb0466929a,2026-02-24T03:38:06.030735,Ciência de Dados,SUSPENDED,6.1,50,0
d5f40cb8-b018-4401-b2ec-f3b0dbf5484f,2026-03-17T20:12:06.060873,Engenharia de Software,ACTIVE,1.2,76,0
accf441b-6515-48a6-ba28-e0959348d9d8,2026-03-10T19:24:47.524500,Administração,SUSPENDED,6.7,76,50
4d4e718e-03e2-4035-83f5-2e108bf8ba45,2026-02-24T17:03:05.444512,Engenharia de Software,DROPPED,9.5,51,50
50de9ad4-cdaf-4460-8505-742c35425ea9,2026-02-20T14:23:12.935035,Administração,ACTIVE,9.7,87,100
4f6bbf81-f277-44c1-921e-c2661ef70bf4,2026-02-05T21:22:27.590409,Ciência de Dados,GRADUATED,4.2,74,0
67abfc99-ca5a-4db2-b78a-7be8b60723ed,2026-01-15T15:40:32.610162,Engenharia de Software,ACTIVE,7.1,64,25
974c6218-f877-47d6-beba-ec76a1fa83bb,2026-03-21T17:30:29.004544,Administração,DROPPED,9.6,64,0
1c02e020-6214-40de-bb0b-37748628af27,2026-03-21T04:14:56.582476,Engenharia de Software,SUSPENDED,8.4,89,0
f721695a-0862-48b1-b125-a7a0b2962a81,2026-02-06T17:08:30.362917,Administração,ACTIVE,1.9,56,50
fc211166-334f-4754-9f2a-29ed53a5e08b,2026-03-21T21:09:07.408309,Administração,ACTIVE,5.2,98,50
f0f818cd-d0ab-4562-bed2-34933d765268,2026-03-01T06:23:47.140802,Direito,SUSPENDED,9.3,69,25
08b6bf73-57d8-4675-9f7b-e9bb3b3557f8,2026-02-17T11:47:29.027821,Direito,SUSPENDED,2.8,84,50
882272b2-184c-4aa1-a1e3-449f07f42789,2026-02-03T01:19:01.337539,Direito,SUSPENDED,2.6,98,50
9c955f24-98b7-484d-b1d1-ee1afd1a8cb5,2026-03-04T07:02:39.263640,Engenharia de Software,SUSPENDED,1.7,57,100
d7e561e7-73c0-4c07-8edb-cb85ce974b61,2026-01-13T00:11:08.790610,Administração,ACTIVE,6.7,68,0
cfca9b1f-c6c1-49bb-b45f-6b734b9f167f,2026-03-08T07:37:49.198362,Administração,SUSPENDED,5.4,55,50
4ea86dac-559f-4dfd-8917-4b9f80127977,2026-01-07T09:32:49.975190,Direito,ACTIVE,3.3,74,50
f614f4bc-01b4-41b6-b2e9-f35bba929f7b,2026-03-02T01:27:35.570215,Direito,GRADUATED,7.0,86,0
bdcf0963-15c6-4eb0-863a-547c982cae3d,2026-02-20T18:00:06.597723,Engenharia de Software,ACTIVE,6.2,73,50
53a0d86c-1e65-4d65-98f4-f3b3ce23341e,2026-02-09T03:23:20.028564,Administração,GRADUATED,0.5,56,0
8c723318-a1cf-46c8-a21d-5e47f7b15e89,2026-01-24T23:37:10.238829,Administração,GRADUATED,3.3,95,0
1b3002e6-5250-4599-b909-3a1019a1b95a,2026-01-16T18:02:53.631562,Administração,ACTIVE,5.1,81,25
43a681dd-d806-46af-93ba-5a98dccbe9a2,2026-03-29T15:39:03.145143,Administração,DROPPED,0.0,57,50
c53133e0-6554-4125-ae61-9277c21824e5,2026-02-09T06:49:22.085722,Direito,DROPPED,2.7,67,0
9e1ae346-0ba5-42f0-9bca-412527f4f1bb,2026-01-16T12:42:20.532605,Administração,DROPPED,6.9,93,0
33188cf2-03a0-441d-b9e8-595488a3cab9,2026-01-25T04:32:09.778991,Administração,ACTIVE,1.0,62,25
e30ca245-81d5-4ac6-a687-dc757d53e5c9,2026-03-22T11:00:24.439401,Engenharia de Software,GRADUATED,3.1,67,100
88e326ff-bcd4-4759-9cc9-47e608f69660,2026-01-16T19:15:17.324816,Engenharia de Software,ACTIVE,6.0,95,100
3e6593e2-e50a-486f-a587-413f1acb9a0b,2026-03-25T00:28:12.642023,Ciência de Dados,GRADUATED,2.8,62,25
c71d0e3b-81d9-470d-aa88-fe5185fe88fd,2026-03-27T23:10:55.536828,Administração,GRADUATED,7.3,91,100
0ecd3a27-4eda-487e-bd6d-b7ed40c4b9c2,2026-01-29T05:34:37.419388,Direito,GRADUATED,3.8,94,100
25378137-cc88-4e9d-b54c-4dca94880a2e,2026-01-17T21:16:53.081635,Administração,ACTIVE,5.9,60,25
8510d9df-4ccb-4b9f-9c0e-ff7f2828c575,2026-02-07T10:23:33.634156,Engenharia de Software,DROPPED,2.6,76,50
d44c7769-c958-490c-81a9-aafb4309c51d,2026-02-26T23:18:53.821218,Ciência de Dados,ACTIVE,7.0,60,100
a9a5aa57-3620-43d9-be16-264b84c96b12,2026-02-03T19:35:09.986894,Ciência de Dados,SUSPENDED,7.4,61,100
50144ea4-27c0-4062-870f-ae71d62ca61c,2026-01-07T13:59:17.409390,Direito,DROPPED,0.3,98,50
a8f16869-4ddf-4ce8-a72b-24b64d48cb3c,2026-03-09T09:20:18.354983,Engenharia de Software,ACTIVE,9.2,68,25
548fa08a-7d54-4f77-b759-ac5752890b37,2026-02-13T12:44:47.582829,Direito,SUSPENDED,9.8,57,25
495a4856-6e49-4445-b7b8-5bfd14f174d1,2026-03-18T06:46:19.343482,Engenharia de Software,DROPPED,7.6,80,25
fd3620bc-9ab3-4a81-ae7c-87794c44063f,2026-03-03T15:19:22.401245,Administração,SUSPENDED,4.8,76,0
a7e96b67-e353-48c3-aa4d-bf6a38b1fc08,2026-01-30T12:27:45.735708,Administração,DROPPED,7.6,99,100
e3d2d18c-d410-40a1-b7d6-ad9ea7c03a73,2026-03-27T03:45:44.690073,Engenharia de Software,SUSPENDED,7.9,78,50
5941c72c-d285-4eea-9d22-8363d9951129,2026-03-18T05:38:36.982548,Administração,GRADUATED,4.6,73,25
5f763d3c-2142-486d-bdea-0948d62e0046,2026-02-24T19:19:12.031470,Engenharia de Software,DROPPED,4.8,54,50
8b1d0a90-1de5-41ee-bf88-2d0e037a0f4d,2026-03-28T16:11:09.732714,Direito,ACTIVE,5.1,68,50
e88973ae-17e4-428e-8d5c-754b924f3c0f,2026-01-31T06:54:29.207065,Administração,DROPPED,5.8,95,100
0406b0ef-da10-46cf-971f-3bb9228d4856,2026-03-24T16:23:40.364069,Administração,ACTIVE,3.6,65,100
814e7bdb-95e5-4cfe-a61c-2992d9400e61,2026-02-13T21:19:50.909341,Direito,SUSPENDED,8.6,50,25
311a47ac-eedd-426c-9ce2-0e2a698f25f3,2026-03-27T15:18:33.206007,Ciência de Dados,DROPPED,1.0,61,25
f82d2532-1738-4988-8f23-8b22fe60dfb7,2026-02-03T23:15:24.887429,Administração,DROPPED,0.2,81,50
e5eb0661-ab59-4bbe-aa88-97893bd75853,2026-02-18T09:12:19.298920,Direito,ACTIVE,6.9,82,25
13b0248b-9d4b-41eb-afce-aa817a6eaf35,2026-01-14T02:36:01.641433,Administração,ACTIVE,2.8,79,50
7ae6a084-77b4-42b0-b94a-b272f1651dac,2026-02-03T10:31:56.303377,Administração,GRADUATED,8.7,69,0
c59dee6e-125a-43e8-8bb7-ab2e4f4098a2,2026-03-03T17:27:06.666238,Engenharia de Software,ACTIVE,3.6,84,25
22b1cc57-75ee-4ecc-8d53-78bbebcb1bc3,2026-01-20T21:34:25.573560,Ciência de Dados,SUSPENDED,0.6,81,100
80ed4530-7944-49ab-bdeb-5830c5c04ece,2026-03-05T08:33:30.612129,Direito,SUSPENDED,9.2,54,50
0e00ecfe-eb49-4d8d-a117-ca6b80a7e11b,2026-02-27T09:47:25.575791,Ciência de Dados,DROPPED,7.8,73,25
abba045d-866f-44c3-a7e5-918e39eee12a,2026-01-19T07:01:52.758894,Engenharia de Software,SUSPENDED,3.8,60,50
4a7eae46-3151-4562-902e-f8087aafde0e,2026-03-09T02:38:40.149145,Engenharia de Software,DROPPED,4.5,67,0
c6ca72f7-9691-4acb-9368-5527d64bcdc6,2026-03-29T01:15:40.618980,Engenharia de Software,DROPPED,1.3,60,50
6282cb5d-e3f3-46f6-a63e-7f30c84f812a,2026-03-26T15:21:46.271620,Engenharia de Software,GRADUATED,8.8,87,0
353fbf2f-7ab5-4a73-b8c2-65600784e82b,2026-01-22T08:51:49.981405,Direito,ACTIVE,9.0,100,25
1c43e888-5182-4a4e-bf60-3506eafe2626,2026-02-25T18:32:57.647403,Engenharia de Software,GRADUATED,5.6,84,0
6b06d2cd-49c5-49a8-a95d-e078793e408a,2026-01-16T15:32:44.382615,Ciência de Dados,DROPPED,9.0,53,100
15d74451-0892-4d5b-9685-08ece9f9ae3c,2026-03-08T01:06:26.725785,Direito,GRADUATED,4.4,82,25
6db7ce1b-7204-4063-8624-61f6bdcdae21,2026-02-20T05:21:31.268767,Direito,DROPPED,3.8,92,100
c0d64139-665a-491d-ba53-11feaab9b334,2026-03-05T13:40:47.466526,Ciência de Dados,ACTIVE,1.7,54,100
3b83fdbc-557e-4b33-abf1-e6040861b7df,2026-02-21T04:10:35.739070,Administração,DROPPED,0.2,63,25
fad41efb-4a83-431a-a808-f731ab10242e,2026-02-27T11:53:03.814802,Direito,SUSPENDED,2.3,63,25
962af260-4e23-4608-9709-9182f1f6b5dd,2026-01-01T00:54:48.496874,Administração,SUSPENDED,4.0,70,100
1fc96994-7fdf-48b5-88c0-48081897d912,2026-02-18T12:29:55.074423,Direito,ACTIVE,2.5,96,0
8d8ce5ec-5012-4f8b-a82a-cb515118e6b8,2026-01-11T06:27:10.422160,Administração,SUSPENDED,8.3,88,0
aca7a3ed-ac40-4c82-97dd-15549afea2c3,2026-02-04T10:25:41.182742,Administração,SUSPENDED,8.9,53,50
f536d583-4d0e-48d6-b113-f4df937fb041,2026-02-18T18:18:54.682832,Ciência de Dados,SUSPENDED,6.1,70,50
4561701c-fb30-48e9-94eb-6dec5e7d485e,2026-01-06T19:25:12.730453,Ciência de Dados,SUSPENDED,6.6,67,0
c32ef6bf-e1d3-4ebf-93d7-6b8f4464d0c9,2026-03-09T01:50:19.401220,Engenharia de Software,DROPPED,7.9,75,100
f98f76c2-7641-42e0-8688-725e0b645c07,2026-03-18T09:53:50.342185,Engenharia de Software,ACTIVE,4.2,61,25
feeb24b4-800e-421b-bb7f-91feadf2042a,2026-01-03T10:10:24.701023,Administração,GRADUATED,1.4,89,25
471c32ac-aa74-4df6-8639-558b1ef7e83d,2026-03-17T01:19:15.715338,Direito,ACTIVE,8.2,76,100
14853b4b-f93e-4899-ba37-db29a61054dc,2026-01-11T01:57:06.223033,Engenharia de Software,ACTIVE,4.6,73,25
4bd247ba-1a23-4f11-8ea6-a4a38073795d,2026-01-05T06:26:17.428794,Administração,DROPPED,7.7,65,25
4f73c603-7e80-4497-970e-2526fc1f34d7,2026-01-23T18:48:10.110876,Administração,SUSPENDED,5.4,74,0
a9abc740-2614-4c77-b7a9-9828a878fd4e,2026-01-26T18:00:48.080976,Administração,SUSPENDED,1.9,86,100
bf46f1db-cda2-4103-9990-3cb1cfff1ac8,2026-01-01T22:43:35.431804,Administração,DROPPED,5.6,100,25
8707677a-a068-4380-ab91-3c8bb2688568,2026-03-24T21:29:43.213300,Ciência de Dados,DROPPED,7.4,78,25
5d5d9b9a-e6d3-4f20-a927-1b39cb484754,2026-01-16T02:24:38.436464,Engenharia de Software,SUSPENDED,2.5,85,0
697dd964-8997-40bd-9918-5da40e8c1699,2026-02-28T00:00:31.118846,Direito,GRADUATED,3.0,91,25
ef8a625a-b1d9-4b2d-aac2-372066dd1157,2026-02-09T17:01:35.744964,Direito,ACTIVE,2.0,85,25
b7be0337-97b2-470f-b93c-7082f3aefb41,2026-02-06T21:08:17.389531,Administração,GRADUATED,7.7,63,100
1ad66ec4-3bd2-4a0e-ae6f-4a240c53a5c9,2026-02-08T14:18:01.280874,Administração,ACTIVE,9.0,84,100
0034c1da-0293-448e-bbf2-6332b1adfd82,2026-01-03T19:28:54.028753,Direito,DROPPED,9.4,58,25
1a015260-e52f-427d-a235-8334931533b4,2026-01-19T09:45:13.491980,Direito,GRADUATED,8.4,96,0
bff3e483-5f90-4979-b9ed-af26288f7973,2026-02-22T11:31:48.944017,Direito,SUSPENDED,4.0,79,25
03ff9840-07be-46b3-8345-11642b49f47e,2026-03-11T04:43:04.781260,Administração,ACTIVE,4.2,69,0
9e763faa-8f52-441c-8cb4-ff4f78caffa0,2026-01-18T15:00:49.544496,Administração,SUSPENDED,6.2,96,100
ce9a0da5-59f8-41f0-9156-389d7b4a2eba,2026-03-15T10:41:16.903903,Ciência de Dados,GRADUATED,2.8,66,0
f57d185d-126a-4ab8-879c-9d81872dad3a,2026-03-26T17:26:53.203544,Direito,ACTIVE,3.2,100,0
1797d360-ae6f-45a5-b112-6b64301d7b28,2026-03-05T07:19:41.658161,Direito,DROPPED,4.5,83,25
26845c2b-30a3-459f-a845-cdf62c877e21,2026-02-01T02:29:45.788230,Ciência de Dados,DROPPED,10.0,54,25
809cbd52-2b17-4fe2-8260-78d2a02fbc44,2026-01-01T16:24:11.859448,Direito,DROPPED,7.2,80,50
91f2fe41-cc3a-43b8-a616-0ecfb6a60cd5,2026-02-23T00:56:35.362797,Direito,GRADUATED,5.5,82,50
365b6e69-1e75-45bc-baa2-bd94c1667109,2026-02-25T02:54:59.679297,Administração,ACTIVE,1.3,61,100
e6ba04f6-c7d7-4cc2-9b34-8f636c26102f,2026-02-12T00:33:58.950282,Ciência de Dados,ACTIVE,1.9,65,0
d2d94884-1aad-4a64-a160-aa086bffaed3,2026-02-02T23:11:45.919182,Ciência de Dados,ACTIVE,3.9,92,25
ee04e10f-0283-4b9c-b1e1-059695bce948,2026-01-31T01:41:53.823549,Ciência de Dados,GRADUATED,8.2,87,50
5c3578b6-8a2a-4fb2-a4b8-60d67b2b3a7e,2026-02-03T13:30:53.682123,Engenharia de Software,SUSPENDED,8.8,97,100
50df73e2-36d4-489b-8d8a-f7621116d931,2026-03-02T02:07:51.063091,Ciência de Dados,GRADUATED,6.9,84,0
97bcadc8-7b25-44b7-bf70-78e6d63c0e05,2026-01-27T17:00:13.847505,Ciência de Dados,DROPPED,2.6,66,100
cad7ffa5-3334-4295-bbca-ce9eba59bb88,2026-01-23T19:29:14.707577,Ciência de Dados,GRADUATED,10.0,99,0
5a57f732-e568-474f-b930-c4cca918bca4,2026-02-05T01:39:06.659640,Administração,SUSPENDED,4.4,97,25
f01ced62-b1b5-4280-889c-d5cfd4d3b1be,2026-02-15T05:36:01.089394,Direito,DROPPED,8.5,97,0
1134bf8c-8e40-40a8-ad2d-87bbc1cc69cf,2026-02-17T20:10:38.213547,Direito,ACTIVE,5.9,53,100
eff9e8d1-b07f-46b4-ae84-2a2f44b6d827,2026-02-27T23:10:48.842745,Administração,ACTIVE,3.8,61,0
83cbb1c8-3076-4a7c-b1b3-b477b518b528,2026-02-23T00:05:53.718132,Engenharia de Software,ACTIVE,1.1,95,100
7cf0211e-8651-44c7-91c1-0c7cb5e44fbd,2026-03-20T10:51:56.184608,Administração,ACTIVE,4.8,79,25
df5c0645-b540-4bac-a082-379d783ff39d,2026-01-14T18:36:25.002235,Administração,DROPPED,4.4,74,0
d3e70db2-8f4d-4b48-b6c2-af01c058037c,2026-01-25T11:20:10.036737,Direito,GRADUATED,5.4,66,100
71a94544-5b43-4fab-94ec-0117c660af2d,2026-01-02T06:33:36.918752,Administração,SUSPENDED,1.2,58,100
4076fff1-bb45-4ee2-b98c-34965ea63dd8,2026-02-25T03:27:38.273224,Administração,GRADUATED,5.3,60,0
354f26b7-7981-436f-b7ba-46af33e10e57,2026-02-26T14:03:56.215028,Engenharia de Software,SUSPENDED,1.0,58,25
fe4d09b3-8cc8-4753-a09e-a267e7dd8cf4,2026-03-07T03:58:00.441719,Administração,GRADUATED,7.0,82,25
72a44355-61e5-4c79-a8f8-22d63258e9c2,2026-02-10T09:19:31.784692,Administração,GRADUATED,8.0,59,100
a955d184-37a6-4175-945b-440fac87ecb1,2026-02-03T20:48:36.215667,Direito,ACTIVE,1.5,71,100
34f3a332-50c6-482c-9c6a-c2d99da04ae6,2026-01-18T12:40:24.586581,Ciência de Dados,ACTIVE,0.9,90,0
4a0b04c6-d2ad-4d49-a164-d64c22105f75,2026-01-05T11:36:28.911303,Ciência de Dados,ACTIVE,5.9,60,100
a322c043-8746-4fe8-8425-8c1f4868cbe6,2026-01-30T00:49:13.785273,Direito,SUSPENDED,0.7,51,0
f549351c-f337-4821-9c4d-10d06c9af562,2026-01-22T08:05:16.296019,Engenharia de Software,DROPPED,6.5,73,0
810a7aa1-aa75-42f7-b389-d871467f42cc,2026-01-16T12:09:29.196582,Engenharia de Software,SUSPENDED,0.5,92,50
d89a27a4-c6b1-42c1-a24f-1d0683970ca3,2026-02-02T06:16:30.505724,Administração,SUSPENDED,1.6,56,0
ce4f55c2-020f-4c55-9ee2-45b65e3a07c2,2026-01-08T14:23:05.258289,Ciência de Dados,ACTIVE,7.8,78,25
66e8efad-cad8-4679-bc3d-bc39c4809281,2026-01-15T13:26:15.333972,Ciência de Dados,DROPPED,10.0,53,100
c58be35a-f659-4129-9794-d81bfa10ec38,2026-02-21T00:17:29.480081,Ciência de Dados,DROPPED,2.4,58,25
5a494b24-d952-4ab4-bd57-03cbf3073a67,2026-01-14T06:17:50.255966,Administração,ACTIVE,8.2,54,25
82348521-bf8e-41f7-bb4f-e041d968ce80,2026-03-02T11:31:50.783361,Direito,DROPPED,9.1,97,0
fc643b15-dda2-4e0d-a83d-d41996eddb99,2026-03-15T23:11:22.148052,Administração,ACTIVE,7.2,52,0
79c2012d-470a-41fa-a24c-ce23c417186a,2026-02-27T06:15:28.034339,Direito,DROPPED,8.9,91,100
1cd08386-11ae-4d34-87d2-95fcdae50a4a,2026-03-13T07:00:02.996458,Administração,SUSPENDED,2.8,69,25
39de74cf-797b-442e-adf3-b4c641d90bd1,2026-02-27T11:13:32.154741,Administração,ACTIVE,6.1,77,100
7f940a8d-47c2-45e0-ae13-9d5f61dd8243,2026-02-25T05:59:41.757171,Direito,ACTIVE,3.1,64,50
6f3c33d2-9746-4ca8-8f9a-aaa0c4391282,2026-03-20T03:14:59.993536,Engenharia de Software,GRADUATED,4.2,60,0
804d86b1-aaca-4fe4-888c-57583e6d2c89,2026-01-04T21:19:52.548739,Administração,ACTIVE,3.9,50,25
67a9d18d-5c91-454f-83d5-7605f657cee0,2026-03-26T09:03:47.294406,Engenharia de Software,SUSPENDED,5.3,81,100
4579c630-70ec-4334-9a38-1b6bd7862c17,2026-03-14T09:59:26.117221,Ciência de Dados,SUSPENDED,8.8,77,0
67ce7df2-b5bc-4d19-ae1c-7c2728b4aa52,2026-01-10T07:04:20.837786,Direito,SUSPENDED,1.1,82,25
ae37b517-ed2a-4b29-a9d5-041c76ea9677,2026-01-03T01:23:21.885803,Administração,ACTIVE,9.5,60,50
aeaf53a3-6322-40da-9a4c-ec643d8d2db7,2026-02-23T15:29:41.497853,Administração,SUSPENDED,2.5,72,25
b1a2728f-632d-4af6-aeb9-03028098a7d7,2026-01-02T10:47:29.268320,Ciência de Dados,SUSPENDED,4.6,51,0
8bd9b8dc-f4ec-40e1-8bdf-d816855b88f1,2026-01-21T13:30:54.305525,Direito,ACTIVE,5.7,66,0
00ffc57f-5be4-4d5e-80a4-22e3b43bcc7d,2026-03-01T18:13:50.182549,Administração,ACTIVE,7.2,77,0
2cdba27e-f783-4c83-8e97-70fad3c512df,2026-02-19T05:02:27.351887,Ciência de Dados,SUSPENDED,2.9,58,50
02ac8c64-1312-40e5-8c09-a708312e75c3,2026-01-11T10:42:36.584621,Engenharia de Software,DROPPED,0.6,84,100
1ab9760e-193d-4174-8ed0-535c0c875ece,2026-03-04T01:34:28.369090,Engenharia de Software,DROPPED,1.4,95,0
c046e440-b7fc-450c-b70c-4f33a9791f8a,2026-01-27T23:04:21.431988,Ciência de Dados,ACTIVE,2.7,76,25
c515b072-2139-473e-81b9-4815077204cb,2026-02-14T14:17:15.757197,Ciência de Dados,ACTIVE,5.1,85,50
61278d5b-d7ee-4413-a788-06980d3f6506,2026-01-17T13:50:38.444676,Direito,ACTIVE,0.5,71,25
e8baea9b-232c-426e-8856-42c1776f1673,2026-02-12T20:29:16.398298,Direito,GRADUATED,6.0,61,50
17e90808-1a0e-4404-931d-4100653e85e0,2026-03-19T12:28:03.324337,Ciência de Dados,GRADUATED,6.2,78,0
38aee036-30bc-4227-926d-491f68c7ca36,2026-02-09T02:55:34.850192,Ciência de Dados,SUSPENDED,3.5,75,50
5d430e43-48ca-4742-9f71-877e081284bb,2026-03-11T13:51:55.478758,Engenharia de Software,GRADUATED,8.4,81,100
0c8e5879-ca3b-447a-b1df-382acce55898,2026-02-26T07:38:33.045332,Ciência de Dados,GRADUATED,3.9,53,50
938e7697-02c5-46f8-a967-41bbadc48d8d,2026-02-06T00:44:40.415606,Ciência de Dados,DROPPED,6.3,90,50
24a37aaf-c6cd-45dc-837e-a64be25a58da,2026-01-21T12:25:12.124254,Engenharia de Software,SUSPENDED,8.8,65,25
8e330384-2e52-4066-8e40-167f67a04075,2026-02-05T05:13:16.867520,Ciência de Dados,SUSPENDED,6.6,58,25
ff04f294-fff6-4d54-8cff-6fec911bc9f2,2026-03-15T05:44:48.292703,Administração,ACTIVE,1.3,60,0
04810e47-953e-4dfd-ba45-c24d4d10d1db,2026-03-30T11:38:02.171966,Ciência de Dados,SUSPENDED,0.0,67,50
ba28aadf-a9b3-47f0-a02f-a16ce3cbafd5,2026-02-28T17:50:21.076479,Engenharia de Software,GRADUATED,1.3,95,100
0e37b571-f1f9-47ad-8fca-2444017f183d,2026-02-07T22:53:59.331700,Ciência de Dados,GRADUATED,8.9,61,0
4c199674-16cf-455d-aedc-37db7c940a42,2026-02-11T04:51:06.826411,Direito,ACTIVE,7.7,99,25
32f546a6-7c85-4370-953b-2db105aa4b5a,2026-03-27T11:15:24.386976,Direito,ACTIVE,5.9,91,50
00b9045e-dd38-4ad6-b51c-ef1f3850ff2d,2026-01-17T06:12:56.327639,Administração,ACTIVE,2.9,66,0
8fedbe9e-0aac-4a63-afb1-9df3b63b06ca,2026-03-25T16:32:03.554198,Engenharia de Software,SUSPENDED,3.5,83,50
1e03cec7-ec66-4799-a6b1-7f93d832aa92,2026-02-22T02:44:45.746966,Engenharia de Software,ACTIVE,3.7,69,25
56370840-028a-4be7-9b4d-bebd566a8c06,2026-02-26T08:11:42.013285,Administração,SUSPENDED,3.1,67,25
1e55424b-7607-4b7f-a88c-82c4cc92413c,2026-03-10T17:11:18.417292,Ciência de Dados,SUSPENDED,0.8,57,0
1c05319a-8605-4da0-b3fe-175ddc64364a,2026-03-19T08:28:14.395505,Engenharia de Software,DROPPED,0.1,85,50
3e6d97cd-88c1-423b-a326-c02e7ad0d3cf,2026-03-05T09:04:27.518668,Engenharia de Software,SUSPENDED,8.7,83,0
9500937f-baec-4388-8f18-83288daf4965,2026-01-03T07:29:45.320866,Administração,DROPPED,9.7,75,50
7f06ebf0-81ec-4f16-a9fb-a7a8bf8ecb77,2026-02-20T03:33:37.230691,Direito,DROPPED,2.4,63,0
281b6aaf-60ed-4822-a871-aeac9086f38a,2026-02-05T07:28:16.439893,Engenharia de Software,GRADUATED,8.4,71,0
fe25ee3e-5508-4ca5-be8a-334d09433f05,2026-03-13T03:08:35.501815,Administração,SUSPENDED,5.5,78,0
96abf0f5-22ea-4029-a69d-0dd2d8ad4883,2026-01-04T16:14:30.839944,Ciência de Dados,ACTIVE,3.8,100,0
6153fb96-941b-4934-a0d9-76d61afe1915,2026-02-14T18:06:59.073336,Ciência de Dados,SUSPENDED,3.6,81,50
455a35e0-1f22-42b4-a061-9fce1a5c96dd,2026-02-24T14:32:13.797973,Engenharia de Software,DROPPED,9.1,91,50
00c44e35-e925-4eab-b675-6c08620aa660,2026-02-16T03:08:21.580282,Engenharia de Software,DROPPED,7.3,79,50
776640e7-919f-4178-93a9-53506f3ff34d,2026-01-02T18:54:03.836291,Ciência de Dados,SUSPENDED,2.5,76,25
a207bce3-764b-4940-b497-f9e3974d4a56,2026-03-19T22:21:39.119997,Direito,GRADUATED,2.6,67,50
1063ed32-e4d0-4881-8b99-fbbc2be38d0d,2026-02-02T11:48:28.283008,Administração,GRADUATED,2.6,75,25
da598643-7ca6-46eb-9db2-647824fb5458,2026-01-28T19:20:32.254187,Engenharia de Software,ACTIVE,8.2,63,25
a2ac3c0a-a705-43d1-be7e-224a0c783ae7,2026-01-31T13:17:06.150842,Engenharia de Software,SUSPENDED,5.1,57,0
c467bfbc-0a71-4adb-83fd-1b9a6ab8b774,2026-03-03T15:21:31.630655,Direito,GRADUATED,0.8,94,0
37b24846-a53c-486e-a0e4-05e439f76978,2026-03-03T22:30:45.434544,Engenharia de Software,SUSPENDED,7.6,62,0
c80ab31e-83d3-4c2d-94ba-0adfb7e6be45,2026-02-15T08:55:58.889939,Engenharia de Software,SUSPENDED,2.9,66,0
3a378334-4e0e-47e2-8088-08b5cf398889,2026-03-18T23:27:45.200199,Administração,DROPPED,5.0,84,0
4e352569-8627-4dfe-8a6d-34faaa1afeeb,2026-01-04T20:10:24.853268,Direito,SUSPENDED,0.4,68,50
0cb424d4-8369-492c-9516-0204efc82d58,2026-01-05T03:10:39.040721,Administração,GRADUATED,0.2,51,50
d8726b02-2b63-4cad-b3cb-f9911b0d1bf7,2026-03-17T20:07:23.592679,Ciência de Dados,ACTIVE,2.8,65,100
c90418fd-993d-45e1-a84d-14e5deac07c1,2026-03-05T17:51:10.595032,Engenharia de Software,SUSPENDED,1.7,64,25
f7af0a3a-c963-4b51-a71c-64e30e5568e0,2026-03-01T15:11:44.198652,Ciência de Dados,DROPPED,9.8,79,0
de4401d8-23ea-4cda-8edf-2dcdfdd72dce,2026-02-07T11:22:26.205872,Engenharia de Software,DROPPED,5.6,52,0
20db5d4d-6d75-47c1-8fd6-4196fe0600d1,2026-02-11T22:41:34.461484,Direito,SUSPENDED,2.1,84,50
a3f4d7d3-edb6-4054-8771-e5101c982b42,2026-03-05T01:32:46.321035,Administração,GRADUATED,8.1,98,0
dc997e30-0670-4f9c-8ce9-31b32b410609,2026-02-24T06:46:55.906368,Ciência de Dados,SUSPENDED,9.2,100,0
4eb5438a-8881-4828-a8e2-3a363ef1ab80,2026-02-12T23:48:25.955973,Direito,ACTIVE,2.7,99,25
73ba3cf6-c118-452b-abd0-9ca7601f3da0,2026-02-24T06:45:42.534196,Engenharia de Software,ACTIVE,5.2,86,100
5618405f-af84-477a-a933-9cbc91532236,2026-01-03T13:46:40.493261,Engenharia de Software,SUSPENDED,7.6,66,0
484cdff5-68a1-4f3c-a2e5-428a5574414a,2026-01-25T03:16:36.880869,Direito,GRADUATED,7.4,69,50
5c79f0e4-ed38-4e60-b314-e49b451b8910,2026-02-11T07:58:01.486279,Direito,DROPPED,6.5,87,100
b00c5786-1f67-4883-b896-29c3975c4e08,2026-03-21T17:37:45.846092,Direito,GRADUATED,4.3,54,0
8d64008e-fa9d-49c9-8f9b-5a792645c66b,2026-01-15T20:55:05.665048,Engenharia de Software,DROPPED,1.4,53,50
f877ea87-fbee-4a3d-92e4-524f3858d74a,2026-01-08T11:28:13.093316,Ciência de Dados,ACTIVE,1.1,71,50
a8cfd916-e9cf-4c43-9808-97b3f65f7c92,2026-02-26T08:10:13.197247,Administração,DROPPED,5.4,81,25
4db64c40-b9e8-45b0-9ae6-eeb368c35fb6,2026-01-23T10:37:51.280290,Administração,DROPPED,7.9,88,50
d17e770d-47e2-40e8-80ab-2be0927880f1,2026-03-04T03:27:22.159152,Ciência de Dados,DROPPED,0.2,100,25
74e012ce-d5d4-4177-b959-233ba47dd067,2026-02-08T11:00:26.737128,Direito,ACTIVE,6.7,79,0
16e7d86d-6910-4bfe-9ab3-1b4054a0623e,2026-02-02T18:41:10.968909,Direito,GRADUATED,5.5,97,25
ff4f640f-79ed-4a98-83b4-876234656876,2026-02-16T06:35:30.640041,Direito,DROPPED,8.5,97,25
f7f90871-c5aa-44be-a0db-abd0e1c6a122,2026-01-16T17:45:52.339386,Direito,SUSPENDED,0.9,91,25
9c23c580-c204-4f1e-860b-93d3860744a5,2026-01-27T22:09:44.850683,Ciência de Dados,GRADUATED,3.5,73,50
9ca959c0-453b-4cd6-a347-65d686efe557,2026-02-07T01:47:11.330492,Ciência de Dados,SUSPENDED,7.1,81,50
ccd8b0b8-54af-4f56-a19a-1a8bc3847488,2026-01-03T01:07:58.164441,Direito,SUSPENDED,6.1,60,100
fb35912d-967c-46f5-842d-6bc309f356b0,2026-03-14T06:52:10.916308,Engenharia de Software,ACTIVE,4.9,72,0
f7493261-d431-4ad4-904a-06761f1406fc,2026-01-30T06:53:47.133880,Direito,ACTIVE,9.5,84,0
f595b484-0860-49dc-9b2e-38e4de9754c3,2026-03-30T14:09:38.307581,Engenharia de Software,SUSPENDED,8.6,99,50
d614c42b-64f9-4560-b468-d3bac0f187f0,2026-01-07T12:14:04.868485,Ciência de Dados,SUSPENDED,7.8,50,25
fbf8bc61-e528-46c5-bb06-17e4d34356bb,2026-03-26T23:36:01.632920,Administração,GRADUATED,0.5,86,100
9e44b7e3-2ba4-475a-9a9f-d55db051fd64,2026-01-18T12:17:11.808643,Ciência de Dados,SUSPENDED,6.6,55,50
f7cde27e-4703-4ba9-a9ea-f8b0ec883937,2026-02-08T07:53:47.263018,Direito,DROPPED,3.8,88,25
10765288-890d-4c26-83e2-ec3367e70435,2026-01-18T04:30:17.369109,Ciência de Dados,DROPPED,4.8,71,25
eacf2167-dc04-49ec-8dd6-f6545a5d79b8,2026-03-03T01:19:55.186455,Ciência de Dados,DROPPED,3.7,62,100
e8c9ee13-e265-4824-97fd-d5ad61c53ae3,2026-03-18T13:10:11.493648,Direito,ACTIVE,1.2,90,25
501b0210-4699-4977-9c51-99a214547385,2026-02-27T05:22:15.012392,Ciência de Dados,GRADUATED,9.3,67,0
f98d7935-9a3a-4ab7-8d9f-9c2fa358cd23,2026-02-13T22:03:45.961173,Ciência de Dados,ACTIVE,4.0,69,100
e5bfd8a0-362f-4341-a484-ecd94255931b,2026-01-28T04:20:56.009110,Ciência de Dados,SUSPENDED,9.9,59,100
fb3184ab-da52-4ab0-ae89-d30b2b944ab7,2026-03-13T00:03:46.891479,Ciência de Dados,SUSPENDED,2.7,88,0
e0dc47b0-2011-4ea1-a745-1aee0fde7676,2026-02-16T04:56:03.947804,Administração,DROPPED,6.3,74,25
0b24a96f-33e2-4c1b-91bb-76fd038019c3,2026-02-09T06:32:47.958176,Direito,SUSPENDED,2.9,61,100
6757eb62-c387-410f-afb1-5135b735ab66,2026-02-01T20:21:05.643705,Ciência de Dados,ACTIVE,6.2,91,50
490d685b-f6f9-4361-8048-45e906302c9e,2026-03-23T22:36:03.863477,Engenharia de Software,SUSPENDED,6.9,92,50
24a2b9ae-ae03-4b33-9b6e-9e96dbc63e60,2026-03-12T23:36:37.543842,Administração,ACTIVE,1.6,98,50
c554cf45-84f6-409d-8a55-72ea7a81fb82,2026-03-03T05:32:36.499857,Ciência de Dados,SUSPENDED,2.3,81,25
1d6f0ad3-3f6f-48ec-956f-892401e35dfb,2026-02-25T10:36:04.248222,Ciência de Dados,DROPPED,4.4,98,0
63934d0d-2020-4c60-830a-8a3d331b05ca,2026-02-05T00:59:01.851689,Engenharia de Software,GRADUATED,4.0,55,25
2bc9ee48-184a-4f23-b916-ab3fb158d68f,2026-01-16T02:47:07.913378,Administração,SUSPENDED,9.1,62,25
2bf71022-dd09-4f0c-ad1e-f458cdcad5b7,2026-02-20T20:49:32.509440,Ciência de Dados,ACTIVE,7.2,72,25
3b4f911c-cef6-40df-8007-6e7e3921d28c,2026-02-23T04:20:46.134373,Direito,DROPPED,6.5,97,25
51674d4f-0d2b-46b3-868d-444e8a9ef641,2026-02-02T20:12:56.836543,Administração,SUSPENDED,6.8,89,25
d1b64aae-52c9-4b07-b2a5-123a996585dd,2026-01-31T08:28:57.204482,Direito,GRADUATED,1.4,96,25
ed9ed359-23f8-4a34-9dcf-3cfe1599d48d,2026-01-29T12:53:31.826907,Direito,GRADUATED,10.0,62,50
44de2945-4a17-4c4d-b2a8-c3ef3a14a882,2026-03-08T11:24:17.595656,Ciência de Dados,ACTIVE,8.9,64,0
678a017f-a89f-42e9-bf3e-baf39dc3c826,2026-01-27T14:11:38.748448,Administração,GRADUATED,3.3,57,25
e796bf04-05d4-4542-9c98-ad602dd7910c,2026-02-11T23:32:49.781232,Direito,ACTIVE,6.6,61,0
e2ab6419-db47-485c-af3e-9bf21d304a8c,2026-03-22T02:10:49.541507,Engenharia de Software,ACTIVE,9.8,94,50
04847d7c-89ae-42bb-881d-71cde568f48d,2026-03-18T11:44:04.633006,Direito,DROPPED,5.3,88,100
a4d84ba5-0d18-4b0c-9868-f948a7562c4a,2026-03-24T19:04:55.898579,Administração,DROPPED,5.8,62,0
68996568-cff8-441f-b4a9-f0f887adb651,2026-02-05T09:47:54.964615,Engenharia de Software,ACTIVE,0.2,72,50
77ea593a-ffab-4645-8126-747629b2aea8,2026-02-13T08:19:45.657842,Administração,GRADUATED,4.3,86,50
30d5ba22-169e-44b1-9e14-d7e77aa9be3d,2026-03-25T18:47:57.411541,Administração,GRADUATED,3.8,69,25
806bb90a-f9c8-4919-a62e-df2d4d732471,2026-03-15T16:55:02.056140,Direito,GRADUATED,4.7,89,0
f262fce2-9072-4404-b525-770c608c362e,2026-02-23T16:08:45.382138,Ciência de Dados,DROPPED,0.8,100,100
e6537825-b349-4c32-a8d2-4e939a0a0eb6,2026-01-23T17:45:32.017209,Engenharia de Software,SUSPENDED,9.6,63,25
b1dac966-2f11-4e7e-9de7-77c54c4abf88,2026-02-18T03:58:27.746741,Administração,SUSPENDED,7.7,86,100
468a8c64-e4e0-43fc-9511-af74f317d0a7,2026-01-12T17:57:37.867984,Engenharia de Software,SUSPENDED,2.7,54,25
4c84b375-43ca-4a42-b581-360f8896548a,2026-02-25T20:59:34.628453,Ciência de Dados,ACTIVE,9.5,69,100
24db0404-6ff0-4197-81b7-c440707bf060,2026-03-08T21:20:22.946091,Administração,GRADUATED,0.3,83,100
ea4f8b99-7283-4da8-abd5-ab5bbd5b0c17,2026-03-04T23:33:44.173882,Direito,SUSPENDED,4.1,71,25
6427010d-6ffa-4937-b468-49a6cd190c88,2026-03-19T23:43:08.231465,Ciência de Dados,SUSPENDED,5.3,84,100
a7350afb-78f1-4c4f-a4c1-a134f004fb68,2026-02-14T11:16:31.010633,Ciência de Dados,SUSPENDED,2.4,54,100
da7104cd-c6b7-473e-ab7a-a912e84700d3,2026-01-24T15:09:56.889798,Administração,SUSPENDED,7.3,67,0
669d02aa-a799-4c3c-bd25-e7a069d82655,2026-01-03T16:07:14.936395,Ciência de Dados,DROPPED,8.8,54,100
12813618-447d-489e-bd91-417a3ee685ce,2026-01-27T13:38:05.539758,Ciência de Dados,GRADUATED,9.0,95,100
79c99ba2-5370-4231-a44a-fb0bd5f49c23,2026-03-11T18:45:43.301746,Engenharia de Software,ACTIVE,3.1,70,100
3af29e30-c711-45d1-91b6-792193ddb2ed,2026-02-24T16:57:46.323461,Engenharia de Software,ACTIVE,2.4,89,0
067ddb46-29d1-407f-87e9-427ed44eca34,2026-03-28T11:45:51.509588,Ciência de Dados,GRADUATED,6.0,81,25
0f97c3ae-b13f-4b27-8020-84c794002b84,2026-03-05T18:46:52.421411,Engenharia de Software,GRADUATED,7.3,95,25
f466fb37-147e-4c4b-9c4c-1aaeb47b52c8,2026-01-21T23:15:47.253528,Ciência de Dados,GRADUATED,9.3,96,25
2842c9e0-de22-4149-9478-36c7168d0df8,2026-03-07T04:05:53.939637,Ciência de Dados,DROPPED,3.0,55,25
34ea6402-6a77-4b58-b798-0abdf29f4cf4,2026-01-25T03:47:18.122156,Engenharia de Software,ACTIVE,4.0,72,25
d7abdf5e-b814-4a03-9cae-c917aa51e50e,2026-03-27T22:37:14.821620,Direito,GRADUATED,2.9,68,100
4eeba380-80a4-403a-8eb5-1883b97e65b5,2026-01-16T23:27:10.613814,Administração,GRADUATED,6.9,77,0
08c1cf33-48c5-4c26-852d-fa75dd5d0af4,2026-03-25T01:42:18.697865,Ciência de Dados,DROPPED,3.3,95,100
3ce8123c-e289-4ab1-9bd1-f7610b00ad99,2026-02-05T08:41:11.421754,Ciência de Dados,ACTIVE,8.3,70,50
08b50de5-dd8f-496b-a9f0-da65d1757ee5,2026-01-10T07:31:40.332425,Administração,DROPPED,10.0,77,0
3bd507ba-4291-463f-b1b8-0f2703b8a94f,2026-01-01T12:19:43.998678,Direito,GRADUATED,1.8,76,100
65af493c-4d72-4c5e-b362-7556ba19ff2d,2026-01-26T04:23:07.813877,Administração,ACTIVE,7.2,88,100
966f8636-5c3a-4127-9cfa-549aa776fe08,2026-01-12T00:54:59.486933,Engenharia de Software,ACTIVE,5.4,56,100
33d9218d-3c2f-4f8d-b30f-d4f6e7cf550b,2026-03-09T16:36:11.132771,Engenharia de Software,SUSPENDED,8.6,77,50
c67e4cfc-e55c-4f39-adc8-8427d5a882b3,2026-02-26T15:09:25.661587,Engenharia de Software,DROPPED,7.6,93,0
0e0fa5f9-7dc1-4efa-8f91-0959c20732f7,2026-01-20T22:26:23.015835,Direito,ACTIVE,5.7,74,0
1085f685-59a4-456a-8996-e4b96f94aa24,2026-01-09T19:05:33.873018,Direito,SUSPENDED,4.0,94,50
9ac12496-0dac-4f48-920f-86c508dfba6d,2026-01-10T06:42:28.187139,Administração,DROPPED,3.5,89,50
82be4b6f-1fe7-4648-bbe5-cdbff61a6797,2026-02-24T11:39:33.253324,Ciência de Dados,GRADUATED,3.6,99,100
28ba750e-2620-402e-ab21-41ec5409ec99,2026-03-06T15:03:28.029378,Engenharia de Software,SUSPENDED,5.0,54,50
7a10d6e4-4434-47c0-b986-bc8b8b80bd15,2026-01-14T21:30:58.159209,Direito,GRADUATED,5.1,98,25
cf72aeb7-3296-4195-a58f-55511627b11b,2026-03-26T08:20:57.639100,Engenharia de Software,DROPPED,6.2,94,100
c3148c94-0fb0-499f-87eb-1e7798f3a131,2026-02-26T20:21:05.540087,Ciência de Dados,ACTIVE,5.5,57,50
9f2be9b1-7f96-4055-b1f6-049a585d7cbd,2026-03-10T21:04:02.272600,Engenharia de Software,SUSPENDED,3.9,61,50
b6c239d5-65b4-4000-9403-cdeb3262b57b,2026-01-02T12:37:00.777874,Administração,GRADUATED,1.0,79,25
c1e79bb5-2ee0-44ff-afd8-7d3a87af4015,2026-03-06T19:34:02.240627,Direito,DROPPED,4.2,88,50
60e0cfad-80f1-413a-a195-cabbf9de6e9d,2026-01-27T00:00:51.810341,Direito,ACTIVE,5.3,84,100
96685a47-63c8-4213-8def-40cc46f145e3,2026-03-02T18:50:06.972296,Direito,DROPPED,4.2,66,100
1ec55298-f0fe-4b0f-beeb-2aa08a95d321,2026-01-17T04:00:41.518341,Administração,ACTIVE,0.5,65,50
8633e638-25b8-4017-b552-10b325b2aa91,2026-03-20T10:44:24.131331,Administração,SUSPENDED,0.5,71,100
71a61544-bdbc-4d83-a947-cb362d07a8f5,2026-01-07T17:20:22.084816,Direito,GRADUATED,5.2,91,100
a29091e0-c5f4-4156-bccb-07cdebdf0983,2026-03-21T02:31:35.693424,Administração,GRADUATED,0.5,55,25
3ee5197b-5e60-49b1-b18f-3de4d489aafe,2026-03-26T03:55:19.645884,Engenharia de Software,DROPPED,2.3,55,0
e0ad6c05-03c0-4fa9-a6f2-dd4ca35ac4a8,2026-03-05T14:30:07.320709,Direito,ACTIVE,5.8,80,50
66b52680-a56e-4486-9f41-559c4d9de072,2026-02-11T21:42:59.150037,Direito,SUSPENDED,8.5,92,50
04e336a4-d655-4146-9c9d-a28d6ce01bc5,2026-03-05T18:27:06.570946,Administração,DROPPED,4.1,81,50
91653231-0a8a-4ef4-a118-eafead0f9151,2026-02-06T06:25:58.572427,Direito,DROPPED,3.6,96,25
516e8279-3da7-4cc0-abeb-ed0eb4c484f7,2026-02-03T15:00:43.695678,Administração,ACTIVE,7.1,85,0
a41df809-3790-4275-b085-e61b519db024,2026-02-26T09:32:47.016660,Direito,DROPPED,3.6,91,100
39929f50-ae6d-4b58-927f-be5880d01508,2026-03-03T13:58:46.591241,Engenharia de Software,GRADUATED,9.3,84,50
a6302e21-2634-46e5-8e06-da2fbadf37f3,2026-01-14T01:50:13.556785,Engenharia de Software,SUSPENDED,4.2,76,50
184e3069-d804-456a-956b-7626e874cf2b,2026-02-02T04:41:10.069560,Engenharia de Software,ACTIVE,4.4,96,0
942e4f70-75c0-4e1b-8d0d-bbe4b34d02fa,2026-01-25T18:40:08.308520,Direito,GRADUATED,3.9,51,50
72cdfcf5-8b3b-4700-816b-ea0da5d09a27,2026-01-18T01:40:42.355969,Engenharia de Software,SUSPENDED,3.2,52,25
8e451b84-1af2-47c7-b1bf-dc5a3a4074f1,2026-02-02T09:17:03.524406,Administração,SUSPENDED,2.6,75,0
e411844c-3b91-4193-af79-648e5eb9aa0a,2026-01-06T12:08:26.992471,Administração,ACTIVE,7.8,77,100
3fcb6526-9071-438f-8b89-5296c717ae99,2026-01-31T04:14:29.685608,Administração,ACTIVE,9.9,91,25
fa341d11-eea5-4147-bd5e-c295c6bf2612,2026-01-04T18:32:05.478065,Direito,ACTIVE,6.7,86,0
1006dd3f-5463-46ac-a115-94a9467f323b,2026-03-07T18:34:19.081706,Engenharia de Software,SUSPENDED,6.4,55,50
e93ac681-4ca7-4399-bab2-8b8237ab93fd,2026-02-10T01:28:33.857442,Ciência de Dados,ACTIVE,3.4,69,25
625eea08-5583-4f0d-a44b-0422bbf128f9,2026-03-10T12:30:00.298428,Ciência de Dados,ACTIVE,6.1,64,50
6b6073f5-6ea3-43b4-b2ad-a84e94ac8eea,2026-03-23T19:19:51.491034,Direito,GRADUATED,2.6,74,100
159d0c2a-c86a-4f57-991a-d3abf447ffcc,2026-02-21T18:39:22.352114,Direito,ACTIVE,0.3,74,25
d66264c1-bca0-41cd-b134-16298721d90a,2026-02-21T12:00:30.825078,Engenharia de Software,SUSPENDED,1.1,79,100
766e4904-e850-409a-9a08-75d51ab33060,2026-01-05T19:41:42.437343,Administração,DROPPED,6.4,60,50
9e250431-064f-4f5c-8e13-ba1307e54cd9,2026-01-13T04:16:02.534506,Engenharia de Software,GRADUATED,4.6,64,50
7f17333b-5adc-466c-8436-5968367dcc73,2026-02-16T19:13:06.532311,Ciência de Dados,ACTIVE,6.7,50,50
447f89e8-922f-458c-bd0c-3fd4ce48ffff,2026-03-01T00:55:16.123198,Administração,GRADUATED,5.7,77,100
fcca1ab7-674f-4312-a9ec-fc616c68924d,2026-02-14T03:59:09.208126,Direito,ACTIVE,9.5,93,100
ddcd0a11-bc3f-4f4b-bcb0-120d82767f00,2026-03-01T00:52:35.023156,Engenharia de Software,SUSPENDED,8.9,69,0
c1482d1f-79c4-48d2-b524-7f4b1fb0a93b,2026-02-26T23:50:54.440834,Direito,SUSPENDED,0.6,52,0
553a7513-873f-491d-a337-801cd3aff94b,2026-01-11T08:21:37.569491,Administração,DROPPED,7.8,50,0
c4d8d580-f9aa-418b-b0b3-43bd6790bd01,2026-02-22T10:18:57.213861,Direito,SUSPENDED,4.3,79,0
80cd34bb-7d73-4d11-b7b5-82b305f81b33,2026-02-20T20:38:20.843129,Engenharia de Software,GRADUATED,5.7,56,25
a61f1b71-60ea-458d-9422-440efedb3a13,2026-03-18T22:39:52.222954,Engenharia de Software,DROPPED,9.2,94,25
91a97ee9-79e6-4fe8-9fa1-0c69002a3267,2026-03-03T12:39:33.931047,Engenharia de Software,DROPPED,0.8,73,50
765e3f1f-b8d9-423b-9318-56cb4ba6ae64,2026-01-21T12:19:33.350933,Engenharia de Software,ACTIVE,9.6,87,100
1965046d-65a6-4a43-9654-39f142fb37f3,2026-01-09T04:58:30.002371,Administração,DROPPED,6.7,93,100
4d21a92f-20af-4700-86bf-cc74018f8f36,2026-01-15T23:21:07.753116,Engenharia de Software,GRADUATED,3.1,79,0
b3687cc9-140b-442a-a5e8-119bb1d6469a,2026-01-11T06:13:01.250480,Engenharia de Software,SUSPENDED,1.8,60,50
59b19aa4-9c1d-45b7-959e-369293b4cf25,2026-03-03T08:57:52.900937,Administração,DROPPED,1.2,88,50
ed386cee-71c5-4dbd-8e58-4e41bbceaa1b,2026-03-10T12:45:32.249842,Administração,GRADUATED,7.9,78,25
9c5c894a-2027-48d8-99b9-ffb194423fa7,2026-02-19T18:35:42.394407,Engenharia de Software,GRADUATED,3.4,85,50
cb82f2fb-bae7-45d3-ac96-4dd5861c1517,2026-01-15T10:22:13.886374,Engenharia de Software,DROPPED,3.8,92,25
afabdee7-2679-4060-9052-a064edb013d1,2026-01-25T06:33:39.168728,Direito,GRADUATED,3.5,82,0
fdf5d114-62de-4339-ac2d-8357798a994c,2026-01-08T22:37:19.245011,Engenharia de Software,ACTIVE,9.2,51,100
7ad8d369-82f7-41b9-b84e-6afff97e4058,2026-03-19T05:29:48.659962,Ciência de Dados,GRADUATED,9.7,87,0
33975776-1266-45b6-b652-51e52711d23d,2026-01-05T17:10:13.473213,Direito,GRADUATED,1.2,73,25
c021424e-bdfb-48c4-977c-fa4e017d4a48,2026-01-12T21:09:06.478229,Engenharia de Software,SUSPENDED,0.7,83,100
96d3690e-7a42-4220-843d-ad9ea5ff09ce,2026-01-21T09:19:09.422928,Administração,GRADUATED,2.9,67,0
75e88578-7751-4f1b-8ceb-f200eccdbd0e,2026-03-07T14:58:06.321746,Engenharia de Software,SUSPENDED,6.4,95,50
a26b0b5c-0e01-4165-8303-c8b98dbaa321,2026-01-01T10:26:44.177315,Administração,SUSPENDED,2.3,50,0
86b2808c-04a1-4314-82f2-ca4a770d4d42,2026-02-28T05:27:14.664332,Engenharia de Software,ACTIVE,5.5,61,0
1c211817-49e0-4251-9d0d-5563c6370561,2026-01-22T16:39:28.759789,Direito,GRADUATED,3.9,77,25
bb3b3964-c153-49d9-b44c-e0b54ea5fad1,2026-03-24T15:28:45.460780,Ciência de Dados,GRADUATED,2.7,83,0
c35e59a3-8cc3-407d-aae4-20a626e27338,2026-03-16T11:39:43.496496,Direito,SUSPENDED,0.6,73,100
50cc3186-79a4-42a7-8ce6-091b7ebda85a,2026-03-01T17:01:17.545068,Ciência de Dados,GRADUATED,4.5,60,50
2fd47f04-f3c2-4ac4-aa14-dce445fd42a7,2026-02-14T11:06:28.921028,Direito,SUSPENDED,0.5,84,25
75716851-f26d-47da-9204-0bfc594fc5a8,2026-03-18T01:00:13.418929,Direito,GRADUATED,7.6,93,100
c6bcd644-58d4-4b54-9c53-c861a99da70b,2026-03-11T01:58:53.884181,Engenharia de Software,DROPPED,0.8,76,50
74f2f184-8c48-4a8c-9c18-f4924051b5bd,2026-01-02T12:32:48.810273,Ciência de Dados,DROPPED,7.1,87,25
1648453f-ee49-45f9-ac8e-2ed4a6fd4d33,2026-03-07T01:23:29.514154,Ciência de Dados,SUSPENDED,6.8,97,50
4d9b2a67-18ea-4951-a974-ceeee98b1954,2026-02-18T21:16:44.914390,Administração,GRADUATED,6.0,94,25
a883a52a-a44d-406a-b119-0128c7e7bd23,2026-03-05T04:20:55.938247,Engenharia de Software,GRADUATED,0.2,61,25
e45ef1ac-7ad8-4d6e-a3a6-283434513b59,2026-03-11T19:15:04.085626,Administração,GRADUATED,2.9,54,100
26d18898-37cd-472a-b008-0f97c6060762,2026-01-24T10:21:30.313436,Administração,DROPPED,6.0,70,25
27496fd2-5f23-4bbe-8970-727df1b213a5,2026-03-19T13:36:54.478975,Administração,DROPPED,8.2,52,50
175c33b6-494c-4626-bc1f-bc485254489e,2026-03-09T08:27:18.498456,Direito,GRADUATED,0.2,94,25
d71c7c4b-8193-42e1-ac34-c4e953d72ce9,2026-02-12T16:39:34.764380,Engenharia de Software,DROPPED,9.1,87,100
7594ccf9-65a9-4b7a-992e-eefa959f8dc3,2026-03-14T07:30:49.771353,Ciência de Dados,ACTIVE,1.8,57,50
9902ebc7-1fa7-4fc4-9f3d-74887afac6cf,2026-03-14T22:31:19.694954,Engenharia de Software,SUSPENDED,5.3,83,25
709d6b34-172e-4c85-84b7-bdf955efe2db,2026-01-26T14:23:16.924659,Engenharia de Software,ACTIVE,6.8,54,50
2062a052-78bc-43df-bd7b-ae6ccc911086,2026-03-29T12:03:24.889248,Direito,DROPPED,4.3,61,100
9dcc9e88-78d1-4c1d-b600-923548144386,2026-03-04T22:57:35.226499,Ciência de Dados,GRADUATED,5.6,51,50
ff1c6c6f-a386-42fd-941a-782da7b467fd,2026-03-04T22:11:52.059044,Direito,DROPPED,1.7,96,100
64f58b87-73a3-4964-a4ed-a296913e97fe,2026-02-22T10:08:18.385589,Direito,DROPPED,2.6,53,100
1cd28333-206e-43f6-893d-1d6cc40f3eee,2026-02-12T21:37:25.950273,Engenharia de Software,GRADUATED,0.0,76,50
00fdf60d-2a25-4b96-bdf3-ca0c5a4e5267,2026-02-07T12:38:57.912391,Direito,DROPPED,0.2,60,50
49829d74-39f1-437f-a392-061368c7de09,2026-01-24T07:53:42.349090,Ciência de Dados,GRADUATED,2.3,67,25
4609103c-dbeb-4f7d-8024-6cfa485b8f13,2026-01-03T14:47:30.559956,Administração,GRADUATED,6.4,90,0
ec2c4d3f-e58b-4c7e-ba4e-f3fff71d88d8,2026-03-08T03:48:57.341783,Administração,DROPPED,7.7,60,50
5bef6718-932d-4efa-a3ae-1ae681324593,2026-01-14T19:34:06.800885,Ciência de Dados,DROPPED,8.5,82,0
f3175096-af79-4f35-879c-d6dd46adf948,2026-01-23T02:27:03.779125,Engenharia de Software,ACTIVE,0.9,89,100
ef5d3f32-5e79-43ce-bb01-c45eddd02bec,2026-01-27T16:39:30.479268,Administração,DROPPED,6.3,82,50
c1061fbe-bc31-4be7-8491-edb0948cc9bb,2026-02-05T10:24:28.381334,Ciência de Dados,DROPPED,8.9,96,25
83e7c4fb-7c0c-436a-8950-b44379526de1,2026-03-30T16:14:36.543154,Administração,GRADUATED,8.0,97,0
f34c22a9-974f-42cd-ab9e-7575c7074e6e,2026-01-19T16:07:36.250543,Direito,SUSPENDED,2.7,52,0
81248fe5-4756-41e4-8d1c-b83485ff5b8d,2026-03-23T08:32:07.843176,Ciência de Dados,SUSPENDED,10.0,88,0
c9f6d8a6-1044-4baa-99d1-66412ff8c9ff,2026-02-04T00:45:12.415433,Administração,DROPPED,0.2,91,50
7485e468-2f23-4c97-8d1a-ddce0b5b4968,2026-01-04T01:59:21.182951,Administração,GRADUATED,9.8,56,50
ed6dfacd-a5ac-4ec7-b804-98712cc27a6e,2026-01-07T02:52:35.180098,Engenharia de Software,SUSPENDED,6.4,78,0
e35f962d-8261-4443-8ed5-6f29963ff2cb,2026-01-10T11:30:22.900589,Ciência de Dados,SUSPENDED,3.4,84,0
dfa98d19-21e2-4af1-905c-730a0372a753,2026-03-14T19:51:53.372238,Ciência de Dados,ACTIVE,8.3,96,50
2197b4c5-5057-45cf-b7e8-2a972072f96f,2026-02-24T11:23:36.768646,Direito,GRADUATED,6.5,100,0
a0b3c151-6c84-45d5-99cc-dc8902efc4ec,2026-03-22T11:49:04.757200,Administração,GRADUATED,2.4,66,25
8b694ce4-a9c8-4f5f-b535-62b520aa1951,2026-01-12T11:23:19.688598,Engenharia de Software,SUSPENDED,0.9,55,100
1df44ab8-0d27-463d-9997-1885a65ff225,2026-03-22T19:30:31.139499,Ciência de Dados,SUSPENDED,3.7,60,0
3ca94858-75a8-46c6-b8f5-ac587e30ac91,2026-03-10T02:53:19.694215,Direito,GRADUATED,0.7,86,50
a782394c-5e5d-46e6-80f7-efc0abbd2981,2026-02-20T12:36:16.455607,Administração,DROPPED,1.3,53,25
6845d3a7-ad6c-4be0-a8a0-b7ea1b0f2307,2026-02-11T10:00:43.549913,Engenharia de Software,ACTIVE,2.1,91,100
1d58ee09-a813-480f-b840-88df52b1181a,2026-01-11T19:54:50.206384,Administração,GRADUATED,8.3,75,50
a9815dcf-54e1-4722-b557-8d560d2dcfce,2026-02-08T17:49:54.190440,Administração,GRADUATED,7.8,94,0
d0724b42-ab37-45ea-9d8e-1749e1da7e4a,2026-03-23T07:31:54.729066,Administração,SUSPENDED,1.3,99,50
dc05e3c1-0285-40ac-b839-6189dc7279d9,2026-02-14T07:53:18.187790,Ciência de Dados,ACTIVE,10.0,90,100
bc438310-e849-4585-aa55-193564767661,2026-02-25T23:30:29.178263,Direito,DROPPED,5.4,70,0
af09af7f-cfbc-40e1-9842-d1281b3903d7,2026-01-12T22:36:03.592831,Ciência de Dados,DROPPED,5.3,73,0
38dfde5a-ecf4-495c-aead-b32085c3f0c0,2026-03-05T10:54:15.211315,Administração,SUSPENDED,4.1,50,50
967f0105-cba0-4101-9d5b-89747ea7e6d8,2026-03-19T03:58:07.464405,Engenharia de Software,ACTIVE,1.5,80,100
67920093-a301-4a0e-b935-18c0613efc46,2026-02-09T15:17:33.033365,Direito,ACTIVE,1.5,61,25
f852f612-dba6-47a6-8378-3da991d4aa3a,2026-01-07T11:29:59.033032,Ciência de Dados,SUSPENDED,8.6,69,100
1410620f-d575-4540-aa88-059df8b4bd2f,2026-01-09T13:09:42.572946,Ciência de Dados,SUSPENDED,1.9,67,0
764e9d52-99da-48a6-aea8-0202d17d3ced,2026-01-20T23:36:16.953107,Direito,ACTIVE,4.4,93,50
288f6bb9-63be-4c73-bb76-5461c7d44abc,2026-02-09T11:49:36.277889,Ciência de Dados,SUSPENDED,1.5,74,50
a33893eb-7eef-421b-b59f-58b610931117,2026-03-05T23:45:12.625368,Direito,SUSPENDED,0.4,89,100
77131d16-c40a-4c92-9fc3-650705f174e5,2026-02-21T03:14:39.974434,Direito,ACTIVE,4.4,80,100
33fd271b-1b51-495a-80ff-1d38d10d8342,2026-03-05T07:14:13.028264,Direito,SUSPENDED,8.6,52,100
28e00371-2b06-4594-afb8-7aca078d1c38,2026-02-09T17:52:25.971768,Administração,SUSPENDED,4.9,81,50
675e7dcd-92ca-4a52-9eee-ae111e38bfcc,2026-01-13T05:21:44.921711,Ciência de Dados,GRADUATED,0.9,66,100
102f69d7-ed1d-4d0b-8413-db93ae9dbe2a,2026-03-14T04:30:29.906942,Administração,GRADUATED,7.2,75,100
b71ca542-eee9-436a-a9ff-c236a2bcc65e,2026-02-10T15:36:05.278717,Administração,DROPPED,0.4,65,0
9ce62dd4-da93-4143-a88f-80030ed189e0,2026-02-08T03:07:48.558496,Engenharia de Software,ACTIVE,1.4,57,0
6e508532-9fcb-40a7-8492-44ca57a4d9e0,2026-03-26T23:35:18.437530,Administração,DROPPED,3.9,68,25
827c386a-70e1-4a9c-832c-0e860536ef03,2026-02-01T07:29:14.114951,Engenharia de Software,ACTIVE,5.9,54,50
7ed73931-80ce-48a1-b4a3-495260261b8d,2026-01-01T21:09:23.119121,Ciência de Dados,ACTIVE,0.4,51,50
f1ec2666-47dc-458e-8747-815400a1bb20,2026-03-17T16:33:02.401993,Engenharia de Software,GRADUATED,1.6,82,0
c22e59b2-9e8d-470b-be53-57db350e6e7a,2026-02-21T04:16:24.930180,Administração,DROPPED,6.8,54,100
249ee73d-fda2-49bd-8be8-2b2dbcc12686,2026-03-17T15:25:50.218296,Administração,GRADUATED,9.6,69,25
06b183df-d395-40a9-a8a8-6c01d4a78102,2026-03-26T19:58:14.590914,Direito,ACTIVE,0.3,90,25
72d7a9a8-0b41-4847-bb08-fcf1a27b3963,2026-02-04T13:26:26.301846,Engenharia de Software,ACTIVE,2.2,52,25
c2006d1d-890c-4f63-8c66-ce8ea6e8df32,2026-03-04T07:42:10.215370,Engenharia de Software,DROPPED,7.2,84,100
78f905d4-9cf4-4604-9b97-55194897c05f,2026-02-12T01:11:57.601740,Ciência de Dados,ACTIVE,9.4,62,25
68756a0d-78db-4d7c-9ba1-e2a7fcd17159,2026-03-01T04:09:51.045538,Administração,ACTIVE,9.8,70,100
2df443e3-0890-4c02-9dd3-9e6b30a13507,2026-02-15T04:35:59.947918,Ciência de Dados,GRADUATED,8.3,66,25
ef76222f-5bd1-4cb1-a596-b9121947e769,2026-03-12T21:05:47.964089,Administração,ACTIVE,8.0,74,25
4355053c-bcd8-4acd-964a-7f6490e310a4,2026-02-13T05:31:53.651315,Ciência de Dados,ACTIVE,7.5,59,50
cdb5f991-4249-4065-a5a5-a5c067ad9876,2026-01-06T19:18:56.237558,Administração,DROPPED,5.5,83,25
8bd27528-aadf-43f5-aade-881575ad5cf5,2026-01-08T19:40:22.805493,Engenharia de Software,SUSPENDED,8.7,73,0
1d4e543e-4214-4115-ad14-470e3b67dea6,2026-03-09T09:27:50.827245,Engenharia de Software,SUSPENDED,2.6,91,100
f3be0edd-725a-42bf-9529-c2ae123e25a9,2026-02-27T04:31:25.924640,Ciência de Dados,ACTIVE,6.4,70,100
671ca19c-3b37-417e-908b-95e3e5258a06,2026-02-21T12:21:27.229051,Ciência de Dados,ACTIVE,6.3,76,100
83b67dc4-5b0f-4663-9682-54f38baa17da,2026-02-02T03:40:00.453345,Administração,SUSPENDED,5.7,69,0
85f9335e-9230-4dc2-b27f-e2cccb9140f7,2026-03-07T07:02:20.986691,Engenharia de Software,DROPPED,9.6,56,0
67ffcf83-ddcf-4696-8ce9-712db0012aa1,2026-03-08T00:50:02.594833,Ciência de Dados,ACTIVE,1.1,68,100
795d3ddb-e917-41aa-84c8-d755b2ce4dfb,2026-03-14T17:18:16.207461,Direito,GRADUATED,7.8,71,25
5cbe85c3-4071-4153-8d7c-7f35ff865561,2026-02-06T18:20:47.806358,Administração,SUSPENDED,8.1,88,25
cce2f5e1-544e-4b08-9ebd-ebcc56c5ada5,2026-01-07T21:55:59.213846,Engenharia de Software,SUSPENDED,5.4,71,50
fdd3973e-1088-4d75-ae78-7cf0e11de406,2026-03-10T23:53:15.113417,Administração,GRADUATED,7.7,51,50
1ef6a781-8bed-450b-9113-185992f31476,2026-02-28T01:48:08.289939,Ciência de Dados,ACTIVE,5.8,94,50
1031b39c-fd29-4b3f-bf6b-6c1e5fa85667,2026-01-13T03:28:01.702218,Engenharia de Software,ACTIVE,1.4,68,0
2dbfa0c6-80be-4c89-a12d-0826d299b221,2026-01-31T12:50:08.033281,Administração,GRADUATED,9.2,94,25
b945b1c7-670b-49b3-baa6-d19c053b34cd,2026-01-27T04:09:06.805301,Direito,DROPPED,10.0,86,0
eedb7c09-b516-4b9a-8a2b-575ad4667066,2026-03-22T05:43:56.174302,Engenharia de Software,SUSPENDED,5.9,65,100
57a1b803-20a9-441f-899d-a74cedc57c39,2026-03-20T14:51:48.724626,Ciência de Dados,ACTIVE,8.5,61,25
733448bd-0599-4b96-8f8e-a7628674f83d,2026-03-29T18:18:48.358806,Engenharia de Software,ACTIVE,6.2,79,0
cd5bfdc2-ea0e-447e-b986-b93add8e6f6b,2026-03-15T23:14:17.156989,Direito,GRADUATED,8.9,90,0
8632ab03-8caf-47e1-98fd-305e4b1ac57a,2026-02-18T07:24:37.541204,Engenharia de Software,SUSPENDED,5.6,80,100
4ffbcec2-a8ab-4841-96be-bf3f65a8dd18,2026-02-28T08:31:18.481596,Ciência de Dados,DROPPED,0.2,55,0
18094bd2-db4a-4989-a75b-d98d9149b3f2,2026-01-14T05:40:20.947205,Engenharia de Software,SUSPENDED,2.1,87,25
62b37279-5ebb-46b0-843a-ecc8a243398c,2026-01-07T21:16:29.677433,Ciência de Dados,GRADUATED,5.6,64,25
cdbb67a8-4707-42ef-b339-07573345e086,2026-02-15T16:54:35.001627,Ciência de Dados,DROPPED,3.6,60,25
29ce99b1-e011-4b89-aa5a-f451bd1a01cd,2026-03-25T23:22:46.164790,Ciência de Dados,SUSPENDED,3.0,72,0
146ed051-bd5d-4ad5-b05d-c01a1c6d292c,2026-03-17T00:04:32.317484,Administração,SUSPENDED,4.7,94,0
8597a171-b289-436e-9b0b-5be4fdbbd1f0,2026-02-05T03:24:29.913736,Engenharia de Software,ACTIVE,5.1,85,50
e3851f2e-4bed-4052-840b-beb06cbedf2e,2026-02-15T06:38:09.706526,Ciência de Dados,DROPPED,9.4,93,25
d4474e7b-b6a3-4ac5-a972-be7c92506149,2026-01-29T11:01:52.363073,Direito,SUSPENDED,2.5,68,0
e32d26df-fcf9-48ac-be58-ef6914ac4d78,2026-01-20T11:00:10.657408,Engenharia de Software,DROPPED,6.5,88,100
628b3595-d654-4bea-b445-73cc7ba0233a,2026-01-25T17:48:13.309964,Direito,ACTIVE,3.2,97,25
e8a78ea4-15f4-4142-a456-565e0a3d6d51,2026-02-01T11:11:16.779019,Direito,GRADUATED,4.4,57,0
d3371a9e-16d0-4d69-b936-798d8648a69f,2026-02-22T10:48:01.406829,Ciência de Dados,ACTIVE,0.8,82,100
c330c89f-d470-46f4-8172-148490691bb0,2026-01-07T17:46:47.938095,Engenharia de Software,GRADUATED,3.4,76,0
f8c4bc29-1b71-4c5f-bcd5-be87adf6c558,2026-01-15T12:33:10.640010,Administração,DROPPED,7.3,93,100
939e9fef-b64d-4093-9832-e4fdba9ce190,2026-01-23T23:02:16.688478,Direito,GRADUATED,5.1,58,100
a583c84e-9c12-4f03-bdf8-34b59d1dd115,2026-03-04T10:14:58.472492,Direito,ACTIVE,3.2,92,25
25dc95dd-3278-466c-b031-0c5ace8390bd,2026-03-13T16:44:31.273542,Administração,GRADUATED,8.8,82,100
76997754-cb7d-47c4-9991-6a6b187c10c8,2026-02-12T13:21:29.005566,Direito,SUSPENDED,5.5,92,50
ae48ed31-0d6e-48b4-9547-517cfad8e99b,2026-01-07T11:23:18.842083,Engenharia de Software,SUSPENDED,9.0,87,0
42208c1f-ac7a-42fe-8179-d4ad63316d94,2026-02-12T01:30:29.395828,Ciência de Dados,SUSPENDED,9.2,60,25
4a38d39f-0163-4fc7-900b-9703703b1cf6,2026-01-10T22:28:29.161819,Administração,GRADUATED,5.8,62,100
66c73764-cc5e-457c-b725-2967f42391fc,2026-03-02T15:40:10.326912,Engenharia de Software,ACTIVE,5.3,91,0
65e7335b-53b0-401f-9c23-dbf4ff14884f,2026-02-16T22:47:17.064865,Direito,GRADUATED,1.2,80,50
10ecb5ad-71a5-4c34-8653-af856396d438,2026-01-28T13:52:30.832733,Engenharia de Software,ACTIVE,0.0,64,50
aa73b039-1b39-40e5-9b9e-84857733f1cc,2026-01-28T05:27:23.905610,Direito,GRADUATED,5.1,75,0
59bde454-598e-4622-b115-0e3d8946fa80,2026-02-10T10:26:30.409934,Ciência de Dados,DROPPED,4.4,72,50
410204f2-9e3f-4e22-a056-0ebd7d6b839a,2026-02-18T11:52:46.634847,Ciência de Dados,ACTIVE,0.6,58,0
a260a8fd-9f04-445a-b05b-6b40abb373c0,2026-01-08T13:34:49.005180,Administração,SUSPENDED,3.4,91,25
6d0977da-5a50-4e6c-9369-830e47a9e91f,2026-03-30T11:36:43.112480,Direito,SUSPENDED,5.4,84,0
74e97053-54ef-4b32-ab38-e460e6ba637d,2026-02-28T15:09:58.342765,Engenharia de Software,GRADUATED,8.0,54,25
067dd00c-f6fa-4af4-b477-e8beb70d6e3f,2026-02-28T15:12:44.927933,Engenharia de Software,DROPPED,6.0,75,0
33ee5ab9-5b68-4cb8-bc96-e26ae02108ab,2026-02-19T10:09:22.231796,Administração,SUSPENDED,8.4,90,100
f7e7d9fe-932d-4c32-82b8-b2e73cf74bb0,2026-02-14T22:22:48.755550,Ciência de Dados,DROPPED,8.2,67,0
ccc37375-1aec-4e68-b352-4f61eee209aa,2026-03-21T09:18:50.678012,Direito,SUSPENDED,9.8,87,100
b4ac3590-2b8d-49ad-a4fd-5e4b97000695,2026-03-07T00:38:13.790259,Ciência de Dados,SUSPENDED,5.6,95,50
33a2372a-dc0b-4a78-8850-8888b26b25f6,2026-01-05T21:08:12.483555,Administração,GRADUATED,4.6,66,100
b63ce5f1-3d23-4a30-a1b0-4d41e35522bc,2026-03-07T16:43:56.348512,Direito,ACTIVE,5.4,86,0
8010b65c-33cd-4daa-a8ba-3fbad9103a9a,2026-03-12T13:20:30.793039,Administração,DROPPED,6.5,80,0
c6ea40e4-48f3-4d95-a402-a2e0df71a6bb,2026-03-12T21:45:33.446781,Administração,ACTIVE,4.5,82,0
7c4ff636-b014-4814-aa39-07ca6c664d4d,2026-02-11T03:47:37.728827,Ciência de Dados,ACTIVE,8.8,69,0
b73fff2c-0b40-4d7f-82b7-fc9a1e140685,2026-02-04T15:26:09.985976,Direito,GRADUATED,9.6,93,0
146458bc-3c64-4dfb-84d0-7c8f5c1d2530,2026-02-09T23:52:35.278238,Direito,DROPPED,6.1,76,0
faa3f9b3-ea80-41da-9d73-0085d7e1b98f,2026-01-28T22:50:33.527355,Administração,SUSPENDED,2.0,88,25
7742c536-36bd-4ffc-9ea2-de990e8d34c0,2026-03-16T20:38:25.070592,Ciência de Dados,DROPPED,7.4,97,50
ed3c827e-3f6e-4ec7-9c1b-281c58e17fee,2026-01-23T02:48:04.199055,Direito,SUSPENDED,4.4,69,100
fda4dc78-46ff-4c5e-b737-014efcc3e0f7,2026-03-10T08:21:04.424676,Ciência de Dados,ACTIVE,7.9,57,100
74eefa8f-bbf1-4332-979d-a42c050237cb,2026-01-12T09:20:23.343199,Ciência de Dados,DROPPED,7.4,57,100
8b9272c3-9ef2-4a56-ac63-745b9b5d48dc,2026-03-30T22:12:49.929244,Ciência de Dados,GRADUATED,2.2,71,50
7c1c0a86-4f1a-43f9-9593-446779a8497d,2026-03-25T21:48:12.856495,Administração,GRADUATED,0.2,68,0
69149fb2-cdfa-44e2-b645-0878abaa45c7,2026-01-19T14:54:34.915138,Engenharia de Software,ACTIVE,5.1,75,0
0b92f968-40f2-4063-a290-c6c1d6998051,2026-02-07T10:49:33.269218,Direito,SUSPENDED,8.5,97,50
efb65610-7937-4317-a336-c72606e2bf7b,2026-03-01T23:51:23.676249,Engenharia de Software,GRADUATED,0.4,66,50
3c301809-4ce7-49a7-bec2-bcf54fee48ef,2026-03-18T17:42:42.685081,Direito,GRADUATED,9.7,52,25
673d559c-91ec-4317-ad7e-e1125fc81461,2026-03-20T04:22:30.147453,Engenharia de Software,GRADUATED,4.6,76,0
b1d8c2df-6f82-4203-bfaf-2bc6a01f638f,2026-03-29T22:23:33.199916,Ciência de Dados,DROPPED,3.2,92,25
54b1d665-323e-4a51-9d4e-6c3a8043a538,2026-01-27T01:46:47.077951,Engenharia de Software,ACTIVE,1.0,73,50
2b76b2c7-7da6-40ee-b49b-049d2b930883,2026-03-24T10:01:13.317406,Direito,GRADUATED,1.6,52,0
4362a85d-1584-452e-9be9-58e2bc3d2d5a,2026-02-21T19:01:29.241698,Direito,ACTIVE,5.1,59,100
d2a2a9dc-e17c-45d3-b120-12e9986dde36,2026-03-03T22:00:45.826674,Direito,ACTIVE,8.8,83,50
99664133-54ad-485f-b445-d6cdead19379,2026-02-13T20:22:51.254807,Ciência de Dados,DROPPED,9.5,87,100
c7d9331d-2023-4e1b-b924-87ff7885aa0a,2026-01-11T15:41:11.541153,Direito,ACTIVE,9.2,84,50
dfe3e709-5249-4b72-82f2-018f941c4bb3,2026-01-29T07:15:46.079134,Direito,GRADUATED,3.6,62,50
8501e3fe-60ba-4553-a37d-3ee4dd21dc60,2026-03-16T06:13:27.704398,Ciência de Dados,DROPPED,5.1,66,25
6ed474a4-a0aa-4703-81df-eca971d25b03,2026-02-13T22:44:46.325360,Engenharia de Software,DROPPED,2.3,62,100
5b0e0436-9721-4ffd-b374-8911e6822a5f,2026-03-11T07:33:05.877045,Ciência de Dados,ACTIVE,3.6,68,50
09845ef3-3819-4123-8a1b-492bafdb8eac,2026-02-08T02:54:10.193508,Direito,ACTIVE,3.1,73,100
f0399ded-1a2d-46a9-9949-8452afe39519,2026-02-17T03:28:44.909488,Administração,ACTIVE,9.7,63,25
746cdd1f-45e5-48e5-9dfe-381e04a67d68,2026-01-18T07:16:20.307545,Engenharia de Software,ACTIVE,4.0,53,50
0a390d52-48f5-4449-a3bf-3a6d4871778c,2026-01-25T04:27:25.105285,Engenharia de Software,ACTIVE,7.0,74,25
fd742445-049f-4e1b-9242-d8f7428f5a5a,2026-02-14T17:46:52.424536,Administração,SUSPENDED,5.8,87,100
90471644-0166-4e4b-8fcf-cafd43e73904,2026-01-02T04:13:14.638176,Administração,SUSPENDED,7.1,72,50
e72ad4e8-11ae-4676-857b-af651fdf9b8d,2026-02-22T21:39:38.911608,Administração,SUSPENDED,9.4,95,25
d8b8a7a8-88d1-4c59-af2f-3d6abcef1627,2026-03-18T12:38:29.775308,Administração,DROPPED,0.7,72,100
c733d504-fa0c-4d27-b0f0-111325469c50,2026-02-17T20:48:40.062385,Administração,DROPPED,4.4,59,0
72c96e44-0f9a-4b1a-af1e-7cad36700419,2026-02-27T19:42:13.599008,Administração,ACTIVE,2.4,100,50
424e40b9-22f8-48db-8457-28a9e665ad54,2026-03-17T01:00:28.123245,Engenharia de Software,SUSPENDED,6.5,62,25
2b270226-56f3-4f97-90d3-5f6e210af3f8,2026-02-08T02:04:02.530353,Administração,GRADUATED,0.4,98,0
8d35cbfc-52bc-40db-8580-7ce613c86a7c,2026-01-25T18:14:46.477091,Ciência de Dados,GRADUATED,7.0,92,0
8ab23969-b250-4f78-a424-434a48f780a1,2026-01-18T22:51:36.170854,Engenharia de Software,ACTIVE,6.6,55,25
e616f476-5565-421b-bb9a-cf68f68d72b7,2026-01-02T21:30:54.780375,Ciência de Dados,GRADUATED,5.8,57,50
8a2f27d9-0cfe-474e-b2ca-d16c62a5450c,2026-03-16T07:51:48.525491,Administração,GRADUATED,7.1,60,100
ed4a787f-501a-4fcb-826e-5ebc3404bc20,2026-03-09T04:02:17.327439,Administração,SUSPENDED,6.9,76,100
e481561a-dea4-4f6c-a4c8-17303a379822,2026-01-09T20:27:46.292105,Engenharia de Software,ACTIVE,2.0,91,25
1daa81bf-e191-4b2b-9592-b0bea92a8b3e,2026-01-05T18:24:50.278280,Engenharia de Software,GRADUATED,5.7,59,100
31e46a3f-5dc7-4c5a-937d-964c3c8e2248,2026-02-02T16:07:41.040756,Administração,SUSPENDED,5.0,89,50
d7253d35-a065-4848-acff-7159f645ee7a,2026-03-17T06:39:12.418507,Engenharia de Software,ACTIVE,9.0,98,50
e6ab2e8a-c884-4047-a3c5-dd0377e0b7df,2026-03-22T01:06:52.369322,Ciência de Dados,GRADUATED,3.6,65,100
660a05af-4c75-4434-b54b-f9afee80236a,2026-01-12T08:05:55.055182,Engenharia de Software,SUSPENDED,9.0,55,25
f32d535e-9577-475e-baed-071cc920f98d,2026-01-19T15:33:26.272699,Direito,GRADUATED,3.5,50,50
7bdbe4e1-d52b-475b-ab24-edf69f40d53e,2026-01-11T19:43:58.751120,Ciência de Dados,GRADUATED,2.6,86,100
4d287293-d57c-45bd-813a-5ed92e0a7747,2026-01-09T16:31:08.368607,Administração,GRADUATED,6.3,97,25
1dae64c3-645f-4bbd-ac28-473d93f2ebda,2026-01-31T00:28:48.594153,Administração,SUSPENDED,4.9,68,100
168f2d7c-8b86-467f-916d-b2a28773a091,2026-03-26T21:04:20.035933,Ciência de Dados,GRADUATED,0.9,92,25
27322efd-9fd6-4f4a-bac6-226a5ca1b66c,2026-03-30T08:04:04.416701,Administração,GRADUATED,2.4,100,50
da3cc0e6-e2dc-4243-8acf-e3edcae26eef,2026-03-21T18:41:36.861521,Direito,DROPPED,5.6,91,25
85f9658d-7a16-49a8-9e2c-2b555fc824d2,2026-02-20T22:17:49.231287,Ciência de Dados,DROPPED,7.1,93,0
56df8eca-dc11-43e1-becb-732cde280d59,2026-01-23T09:43:14.902493,Ciência de Dados,ACTIVE,8.5,70,25
f12e9252-3966-46a0-89f5-3ba4250b6452,2026-02-15T17:46:09.329144,Direito,ACTIVE,8.4,65,0
2a9def25-5fcd-4a89-a499-d6be9ffa3de4,2026-02-18T10:34:58.500576,Direito,SUSPENDED,2.8,61,0
532e68a9-18b8-47a8-b53e-abe770fc6b42,2026-02-22T20:06:40.831362,Ciência de Dados,ACTIVE,2.2,81,25
5ba2e77f-f733-406e-a634-6a309660805b,2026-01-08T15:21:01.070011,Direito,ACTIVE,5.8,80,100
ca59e214-54db-41c0-ac59-0a7c8da5ada7,2026-01-30T11:24:58.045183,Administração,DROPPED,7.5,61,100
66233a29-c8ad-4962-b0cb-809a307f4827,2026-01-09T10:51:04.582627,Engenharia de Software,GRADUATED,6.7,88,0
31a1a510-288c-45ff-aba9-e28519aee73a,2026-03-20T16:34:14.570723,Engenharia de Software,DROPPED,5.5,77,50
5d984997-13c2-4be2-bec3-496eafa15e05,2026-03-12T15:12:04.677505,Direito,DROPPED,3.5,79,0
02b79347-f919-42e6-bd50-5bc15e0e2563,2026-02-20T16:33:15.623118,Administração,SUSPENDED,2.5,56,0
f7abd5e2-6cc3-482d-b925-94e25146eda1,2026-03-06T15:55:45.414039,Engenharia de Software,DROPPED,6.0,71,0
0c4d00e1-bda8-487d-8b99-632e99eb7650,2026-02-14T07:28:59.045777,Direito,SUSPENDED,5.5,94,25
ccdfee1e-f953-41f9-9874-16cc8f915886,2026-01-04T22:11:09.091153,Administração,ACTIVE,3.2,76,25
1f1ce01f-822b-4a39-a9d6-c24ee3ac3db9,2026-02-17T09:26:35.619678,Administração,ACTIVE,7.9,71,25
d9291051-9a0c-4a33-ab9f-72023f7547b4,2026-02-19T10:19:03.288007,Engenharia de Software,ACTIVE,8.0,87,0
cf2e5ea6-422b-4493-a5b0-f30d2e4cc58b,2026-01-22T16:26:44.627004,Administração,GRADUATED,7.8,51,100
46a0146c-5fd0-447f-8e1d-50b2a09262c7,2026-02-01T23:25:44.547283,Administração,DROPPED,6.3,51,25
645ec662-9c86-403a-b783-2f9fee4f4661,2026-01-27T04:28:14.150675,Administração,ACTIVE,4.0,82,25
f4f1b3c0-daca-422a-8a8b-0caecf42668f,2026-03-26T03:20:50.720528,Administração,DROPPED,9.2,66,100
c32f59b6-e931-473e-865b-4a6e164199e6,2026-01-16T19:53:18.170400,Administração,SUSPENDED,2.4,83,50
2e13f2dc-4b08-4d3b-9d45-eeca9119e10d,2026-02-03T09:13:49.440285,Engenharia de Software,SUSPENDED,9.2,54,0
a9e7cdea-94c4-4b83-9522-373cc61a15cf,2026-02-22T22:57:10.841079,Administração,SUSPENDED,3.4,68,50
c3ee0b9e-3478-42cf-a6e3-2e01b2c93101,2026-01-24T02:59:32.847224,Engenharia de Software,DROPPED,3.3,79,50
2d1e8f87-e144-47ca-82ce-1410a4bc08f7,2026-03-02T10:15:15.021758,Direito,SUSPENDED,9.7,89,100
1a65f1b7-e89b-4dd8-9618-043ab3af9d7a,2026-01-27T11:31:21.774850,Ciência de Dados,GRADUATED,4.5,66,0
1f87c454-f46d-4d24-8bf1-8b774e904223,2026-01-09T22:38:17.317170,Direito,DROPPED,3.8,76,25
24820391-9f2c-491d-b10a-4f66fae41120,2026-03-07T05:23:48.124620,Ciência de Dados,SUSPENDED,4.6,87,50
3fd42877-56ec-4414-803c-90f01a9562db,2026-02-22T00:46:34.614925,Engenharia de Software,SUSPENDED,9.2,90,100
72841cb2-d3fb-453f-bdbd-7ef0453862f0,2026-02-17T14:45:11.092013,Administração,SUSPENDED,8.0,82,50
7436aa49-d822-4577-bcbd-876a84bf7a77,2026-02-13T22:36:41.363159,Engenharia de Software,ACTIVE,2.8,92,0
5f1e5176-bab3-46ae-92b9-e70d1c6f6db4,2026-01-27T19:16:57.133267,Engenharia de Software,GRADUATED,6.7,80,25
c32c781e-f9e7-4643-9ce7-0dec932d1df0,2026-02-12T01:25:53.385312,Administração,SUSPENDED,7.6,55,0
e6e7b60c-38d5-4560-945e-7eb232f93a3a,2026-03-12T23:04:28.660001,Administração,SUSPENDED,7.6,52,25
544f00dd-4842-45bb-a301-a9675ae6c88b,2026-01-25T18:42:25.572392,Engenharia de Software,ACTIVE,7.8,97,100
58d68d95-eba0-4879-bf54-ab5e1b5d1e19,2026-01-09T03:44:23.978953,Ciência de Dados,SUSPENDED,8.5,81,50
2e1dff1e-39c1-4fe9-9fcf-e2e19dc202a4,2026-01-20T12:44:10.657007,Direito,ACTIVE,6.8,56,0
9ad4002a-e48e-4407-94a6-a5396686ed7b,2026-01-30T04:39:52.155821,Administração,GRADUATED,5.9,98,100
c1fdfa45-49cd-4b13-850b-687010a44192,2026-01-19T13:51:18.018019,Direito,ACTIVE,6.0,86,100
d687cb8b-0f13-44d7-99cc-f772e214380e,2026-03-20T10:02:56.011875,Engenharia de Software,ACTIVE,7.6,87,100
5f44cb5f-544c-4006-8db9-fe838c652dab,2026-02-22T04:11:12.804009,Ciência de Dados,DROPPED,9.7,65,25
da5af131-60b4-438c-8da6-2e7e61e81348,2026-02-05T15:37:00.547888,Direito,DROPPED,5.7,83,0
594f9892-441c-4951-975a-bc2cd4e78751,2026-03-02T04:10:48.455674,Engenharia de Software,SUSPENDED,10.0,51,25
1c055359-9c58-47cd-89c9-cf2d87678acb,2026-02-10T00:21:09.121578,Ciência de Dados,DROPPED,3.0,85,100
e67fb6e0-71d7-4cb5-b369-a13577d46734,2026-03-14T02:58:51.717726,Ciência de Dados,SUSPENDED,2.7,74,25
555442fe-694a-45f0-ae29-13b2d8b1c88f,2026-02-21T21:32:48.394842,Administração,DROPPED,3.1,91,50
8743f1c9-0e82-4a96-bafd-05403d910ac2,2026-03-27T20:10:29.927766,Administração,ACTIVE,4.7,59,0
55404fba-8a2b-4069-967b-c41b00780d8f,2026-01-14T20:39:24.979039,Ciência de Dados,SUSPENDED,0.1,75,100
2adfcace-8b86-4b8d-bdb6-36e1fb0dae87,2026-02-21T18:51:30.502601,Direito,GRADUATED,7.2,75,50
8994d167-f8c5-469b-9b2c-dfa4fbe43a8f,2026-02-22T17:48:58.721469,Administração,GRADUATED,7.8,84,25
2182df0b-6adb-4414-b7ee-2fe6951cf9a5,2026-01-20T03:17:12.944918,Direito,SUSPENDED,8.1,50,0
754b07c0-dacc-433c-9eec-9c265006df15,2026-01-27T19:48:33.992682,Administração,ACTIVE,4.3,84,100
238454f6-b979-4b43-a231-90d5af956f6b,2026-02-09T07:26:07.723000,Administração,ACTIVE,4.8,100,0
66e274fd-584e-4335-8f5c-4721608707ac,2026-02-27T00:39:02.939707,Direito,GRADUATED,4.9,53,100
5e20b9ec-2a5b-4214-84ab-72f25cd1017f,2026-03-17T05:38:40.990736,Direito,SUSPENDED,6.5,86,0
c65af615-ed02-4a3d-a030-46ec772a09a5,2026-01-21T04:30:38.306093,Administração,GRADUATED,6.8,50,50
d370b860-0fdc-435d-a9bb-18ed44a1391c,2026-03-17T21:54:36.231671,Engenharia de Software,ACTIVE,8.3,67,0
a097cb9e-1a3c-463f-b9d3-292122cd065d,2026-01-27T06:03:00.703053,Administração,GRADUATED,8.0,76,0
ae78c352-1132-4623-b919-5722d55760f5,2026-02-27T08:46:05.226622,Ciência de Dados,ACTIVE,1.3,74,50
01df0e35-20b1-460a-af08-8ea038575e7e,2026-03-18T13:49:49.584123,Direito,SUSPENDED,1.5,80,25
2f808363-c1a5-45a8-8fce-6fe878b158cf,2026-03-21T03:03:01.704139,Engenharia de Software,GRADUATED,8.2,53,100
2732c2e3-f6d7-4034-82ad-9b85de71b6a3,2026-01-24T16:43:58.427018,Engenharia de Software,GRADUATED,3.4,74,0
6e6f2ac5-ae45-4474-8222-2279ed55694a,2026-01-14T00:52:00.429778,Direito,ACTIVE,0.7,88,0
bb14f98a-86ee-4862-8eb7-ec0df72be914,2026-03-08T21:16:51.843628,Engenharia de Software,ACTIVE,9.1,88,0
4a006c31-7d8e-4042-a81f-c69bdb59313a,2026-03-21T11:18:42.529833,Administração,DROPPED,1.7,54,0
6a0d5a5a-6640-4b28-8ab6-82828e86a817,2026-02-08T08:34:57.712843,Ciência de Dados,GRADUATED,9.4,100,25
56a44ba5-c14d-4401-be69-5778de9130e5,2026-03-16T19:33:27.799122,Ciência de Dados,SUSPENDED,1.5,81,0
960bf70b-e970-44b0-9c1c-73298b41fb8c,2026-02-06T19:59:03.591362,Administração,GRADUATED,2.8,51,50
73d46340-9e99-4740-bd64-4501775cc3f5,2026-01-15T08:16:10.587037,Direito,DROPPED,0.7,75,100
c1f05bab-ae7b-40db-a5ab-75ca18a4c4cb,2026-03-29T21:44:17.420064,Engenharia de Software,DROPPED,8.5,54,100
710314ed-7fe6-42f2-86f6-046a4e12752e,2026-02-06T14:56:21.949469,Ciência de Dados,DROPPED,2.8,96,0
ab8858d8-be08-42bf-9dbc-eb08548cc3c2,2026-03-01T10:43:03.563189,Engenharia de Software,GRADUATED,0.9,93,100
3a93854b-464c-44ea-bfa8-6a9075ccac96,2026-01-23T14:07:03.747741,Administração,SUSPENDED,5.8,82,25
fdfab67c-809f-4dd9-80ba-b04868e1900e,2026-03-26T19:57:02.311093,Administração,DROPPED,3.4,94,100
1d26f12b-56ef-4726-b27c-cc4364dcad67,2026-02-09T06:54:55.164627,Administração,GRADUATED,1.2,52,0
4af133f1-0fa7-4f0b-873d-4fdc261876f2,2026-02-24T20:49:19.970233,Administração,SUSPENDED,4.4,94,0
b12b4734-515a-4355-be4d-0fa4baf4f224,2026-03-21T12:32:28.976526,Direito,ACTIVE,5.7,55,25
d5c04d09-88f9-4863-bc28-5f98e09524ae,2026-02-16T12:49:35.824451,Direito,SUSPENDED,1.9,94,50
247d83af-b9d7-4148-b699-4e3d114000cd,2026-01-25T05:10:06.150886,Administração,ACTIVE,4.3,81,25
22bb0911-5693-4b7f-86bb-f0bc848dcd90,2026-03-06T15:58:36.070095,Direito,ACTIVE,0.6,100,100
b5d27d0c-9a12-44ea-9c20-f7ed4e8e9540,2026-01-08T15:43:02.754973,Ciência de Dados,GRADUATED,5.1,54,100
e98ef5ae-f459-405b-acb5-ac0ac8f2d17e,2026-01-27T17:29:18.907342,Direito,GRADUATED,9.8,85,100
a900f2c0-0fb9-4bcb-bc2e-229d141c0985,2026-01-14T06:15:13.661224,Ciência de Dados,GRADUATED,0.4,60,0
339de5fc-076a-497b-ace3-5600ede2053c,2026-03-06T18:02:06.151341,Engenharia de Software,ACTIVE,9.6,85,50
7e9d3870-894a-45a0-9708-bcffc34d9c1f,2026-03-07T21:13:34.035214,Engenharia de Software,GRADUATED,9.3,62,100
ca3d4ddf-d7d9-4cd5-846b-938664f0e4d6,2026-01-21T11:00:42.253546,Ciência de Dados,ACTIVE,8.3,52,25
3f67a321-cfa8-47f9-bde5-82115fbac0b6,2026-01-28T23:20:26.934448,Direito,GRADUATED,9.4,83,100
1b0d3b29-758a-44e8-bd04-00249fcaed8b,2026-01-22T22:02:46.377959,Direito,ACTIVE,3.2,95,0
3d3e86f0-c3ae-49b8-b46b-ebd3bef78106,2026-03-28T09:41:28.483299,Ciência de Dados,GRADUATED,7.0,84,0
b62d2dd3-72f8-4996-8725-ef1b9e8f38c0,2026-01-15T22:03:17.962792,Direito,ACTIVE,2.1,77,50
b953e0c0-99a2-4b0b-9ad0-0f9d1051ad10,2026-01-28T15:56:56.827765,Engenharia de Software,GRADUATED,7.8,94,0
168487f3-9a25-424e-84d3-8ba095c6cad3,2026-02-28T22:19:30.128218,Administração,GRADUATED,0.6,81,0
4ecf58db-0bd0-4169-aa0c-0c62fa96c492,2026-01-20T08:01:37.584058,Administração,ACTIVE,0.5,78,0
d025479a-5048-488b-8f42-f443721d657f,2026-03-14T09:27:07.609345,Administração,ACTIVE,3.8,87,50
1f3cb7e2-1fc7-4440-b458-6bb7c06446f5,2026-02-20T02:44:50.132883,Engenharia de Software,ACTIVE,5.1,71,100
07e7d904-bda2-4df4-9cf6-97a45ee5d764,2026-03-13T04:16:03.683245,Administração,DROPPED,1.7,88,0
67e6f325-d27a-4d82-803c-b8c5da45b413,2026-02-28T07:36:26.519641,Administração,GRADUATED,2.1,79,25
538aefb9-859d-474f-b566-37bd0d36627a,2026-02-23T06:06:10.296719,Administração,GRADUATED,5.5,100,50
52658f20-d799-4c1b-a550-eb80baa6151e,2026-02-21T11:22:37.047272,Administração,ACTIVE,2.3,84,0
eb154c17-c854-482a-9ad0-504dde2483c2,2026-02-22T14:29:19.179320,Ciência de Dados,ACTIVE,1.8,94,50
af913efb-ec93-4f6f-87c5-99621c0c2707,2026-03-11T17:03:29.662835,Direito,GRADUATED,9.6,90,0
d6e32ed7-9136-432d-9a70-4e1e19d369f7,2026-01-27T20:34:05.166063,Ciência de Dados,DROPPED,8.2,62,50
da97bdb8-b53f-4fbf-9836-c695874347b5,2026-02-20T01:50:15.791700,Engenharia de Software,SUSPENDED,4.6,84,0
8e07d497-9aea-4230-ad01-0d46b4fca8aa,2026-03-26T21:48:40.572765,Direito,SUSPENDED,1.3,67,25
abd6577b-23eb-4020-a91d-a0b7fcc1c356,2026-03-23T10:47:24.581667,Administração,DROPPED,0.7,72,25
f6850364-d782-483b-8ed1-39c8f1e097e0,2026-03-20T16:44:35.439273,Ciência de Dados,GRADUATED,5.3,67,50
3e662af6-e137-41cf-ac2b-b1786e4b95fc,2026-01-10T16:39:11.727387,Ciência de Dados,SUSPENDED,9.6,60,25
7822c0b3-0236-4f6a-9a27-5de651d28025,2026-01-06T03:58:43.983358,Ciência de Dados,GRADUATED,9.4,76,25
bbf89dff-ea50-4008-9064-82ac494df48b,2026-03-01T20:47:34.605244,Engenharia de Software,ACTIVE,9.8,82,50
db611a03-0d4e-4c86-b8c7-ca0d6b14c8ac,2026-02-21T09:21:09.659615,Ciência de Dados,SUSPENDED,5.8,68,0
c85f47f6-e46f-466d-b4f2-b671afada289,2026-02-13T05:21:05.748955,Administração,SUSPENDED,4.2,60,0
cf0d905a-b9ec-4c2b-9c6a-f611de2e2c53,2026-01-28T00:35:45.301203,Engenharia de Software,ACTIVE,8.6,89,25
e5c43ed4-52bf-49d5-b361-decdc4b2e0ba,2026-02-24T06:56:26.441483,Administração,ACTIVE,4.6,86,0
8ebde38d-ebf6-4562-8d81-799ef4aaf876,2026-03-03T22:26:19.991401,Administração,DROPPED,4.9,79,100
cc5a49c1-8032-420d-aa7a-0156909495c7,2026-03-02T18:56:26.020206,Direito,DROPPED,2.0,53,0
6cb16cdb-f885-4bcc-b9e4-15b35c24b887,2026-01-18T16:11:54.311086,Engenharia de Software,DROPPED,2.5,84,0
06c158cf-0b22-4d71-8535-99cc6ada8d1f,2026-01-25T19:58:10.222980,Administração,DROPPED,5.4,54,0
a7639476-4012-4973-ba95-ad828bc0e72c,2026-02-27T00:41:18.798080,Ciência de Dados,GRADUATED,9.2,79,50
785e5925-3ac2-4ac8-9387-c9d7fb1e3d9a,2026-01-20T02:28:44.054517,Direito,SUSPENDED,7.3,75,0
77e87e8a-ecd9-4321-9108-8ec38d182db5,2026-03-25T16:36:43.144925,Administração,SUSPENDED,1.5,64,50
92513776-1b65-4a82-936e-656b2352e06a,2026-01-17T17:43:27.983177,Ciência de Dados,GRADUATED,9.4,57,25
b2d46aa0-9a13-49fb-9b59-7affbf2b13bf,2026-02-21T17:58:38.799227,Direito,ACTIVE,9.6,97,50
1c172732-6115-45c7-b723-d9d8ad6d7e1f,2026-01-29T23:14:14.619952,Administração,GRADUATED,2.0,96,100
ea7b496a-43dc-40c5-a911-ce680579a98c,2026-03-01T09:01:32.875792,Direito,GRADUATED,6.5,79,100
a82b035d-65cc-4a2a-bbde-f548c4163745,2026-01-27T00:27:37.977783,Engenharia de Software,SUSPENDED,8.3,87,25
44fda2b9-054f-49bc-93c5-9cdae1467908,2026-01-09T23:26:05.515088,Direito,SUSPENDED,3.1,64,50
8a5dd285-0a5e-4257-82e1-6a7118748ab6,2026-03-21T04:23:04.855870,Administração,ACTIVE,6.4,83,50
f406ab27-6a01-436d-a1b3-6ea74be59a03,2026-01-12T02:02:07.173384,Administração,DROPPED,0.7,87,50
43f1bb72-8fd8-4443-9ea7-d93fcfb75b24,2026-03-28T00:54:04.524900,Ciência de Dados,DROPPED,6.5,85,100
4d3490be-189c-4237-9345-3373b6df463e,2026-02-13T03:30:42.453571,Ciência de Dados,ACTIVE,9.1,100,0
5b0ed6a2-b6be-44ee-b6fc-d2b02bb3af27,2026-03-21T00:30:38.472244,Administração,GRADUATED,2.1,55,50
56b2b8a8-1106-4e5a-bd1e-ef9d4bc5e1e2,2026-01-11T06:23:08.427498,Engenharia de Software,SUSPENDED,6.3,100,100
b8312252-9427-4b0f-9b02-9b1c816d6d0c,2026-02-24T06:29:17.893410,Direito,ACTIVE,7.4,96,100
95eadd6d-3c07-46b9-bb2a-a43eae2efa4b,2026-01-21T18:51:42.273479,Administração,SUSPENDED,6.1,87,100
30485914-c876-423a-9850-a05e17608313,2026-02-27T00:43:50.473329,Administração,SUSPENDED,7.7,78,100
a6a892b8-b67c-4ead-9033-95b9a83c5b42,2026-02-05T12:46:26.639598,Direito,DROPPED,7.2,96,25
8c19f491-d628-4a10-90c3-4745c015aa9b,2026-03-24T18:07:18.067012,Administração,ACTIVE,1.7,61,25
c7e16179-248e-4a38-8e71-0aaa05459471,2026-03-28T12:27:02.024023,Administração,ACTIVE,1.5,57,100
6db6613b-60d5-4935-abe5-c0b32590e406,2026-01-10T11:50:49.507861,Ciência de Dados,GRADUATED,7.6,77,50
9fea42f0-a4fd-4bed-8ef8-ceeaf8ad3d80,2026-03-13T09:27:34.468788,Direito,DROPPED,1.2,56,50
483a57a0-a129-4a45-83af-9bb00b4b5f87,2026-01-11T09:50:02.465781,Engenharia de Software,DROPPED,2.2,54,100
d0ea999c-56b7-4dac-beab-8c0fcf444dfb,2026-01-30T08:39:01.003091,Administração,ACTIVE,5.4,56,25
36c66e46-861d-478c-a657-a8539fa13072,2026-03-15T12:10:39.792877,Engenharia de Software,ACTIVE,2.9,96,100
67dc09ee-a63e-470b-be3c-366834f7eeea,2026-02-28T22:39:29.780158,Engenharia de Software,GRADUATED,3.7,88,0
a6948b5d-6d1f-4d25-bf48-3fda0a99d809,2026-02-09T15:24:00.235565,Ciência de Dados,ACTIVE,9.8,98,100
c996b038-9d94-408d-81e8-d443b18b0a36,2026-01-22T00:52:31.373161,Administração,SUSPENDED,6.3,76,25
312773d3-76d0-49a4-949d-140d3cc4f9d2,2026-01-26T11:52:33.905274,Direito,GRADUATED,2.0,55,100
d7e90645-9bca-4e21-9ac5-158964af945a,2026-01-29T21:14:24.008542,Ciência de Dados,DROPPED,5.6,76,25
38c5b627-b054-40b7-a9a8-b92defffad6c,2026-03-28T20:34:51.534040,Administração,DROPPED,6.9,72,0
86973d3f-5e63-4224-8faf-8704aca26878,2026-03-12T08:51:19.025695,Ciência de Dados,SUSPENDED,0.4,95,50
9421c7b0-5786-46c7-9e17-73fdfafb3505,2026-02-04T12:50:50.303593,Administração,ACTIVE,0.5,55,25
eeb6fbf9-7b36-4750-93fd-189b756a6fdf,2026-01-22T05:07:50.541229,Ciência de Dados,SUSPENDED,6.3,61,50
ced7e808-f67c-459f-8f74-d2e96de71d5a,2026-01-17T19:41:09.919374,Administração,DROPPED,4.5,72,50
c8b27198-45fb-48d9-8099-442798129aa4,2026-01-07T22:06:17.865055,Engenharia de Software,SUSPENDED,8.2,89,0
0e95c4a6-9ad3-4a8f-9b19-d6544e83502b,2026-03-25T04:12:00.652410,Administração,GRADUATED,7.7,66,0
87a523ca-0040-4c83-b602-81f491c3adb7,2026-03-07T06:47:55.272396,Administração,ACTIVE,7.2,54,100
3e11b61b-65ee-40fd-88df-e74427b961d0,2026-03-07T07:24:53.940382,Direito,SUSPENDED,8.6,96,25
57cb41f2-0732-40c5-9cf1-1b7bce6686ec,2026-03-09T16:11:09.585229,Administração,SUSPENDED,2.1,86,25
10fd91e9-eebf-4011-a431-77299892fe79,2026-01-27T01:08:16.990490,Engenharia de Software,DROPPED,3.3,94,25
36185e40-a675-4490-a778-44dd1cd30e5e,2026-02-16T00:53:42.751095,Engenharia de Software,SUSPENDED,2.2,91,0
6ab436e7-f1b2-40fa-ad28-7b4f2fe753b4,2026-02-04T10:22:56.052181,Administração,DROPPED,10.0,75,50
c6430dda-303e-43c7-96ea-e9f177575b24,2026-02-13T13:38:58.894248,Administração,GRADUATED,3.0,97,0
28c71035-51a7-4888-9301-1968bfdd415d,2026-02-27T16:47:43.104869,Engenharia de Software,SUSPENDED,4.2,59,0
fde6eb58-7a9a-4704-a8ae-66b716bcd406,2026-01-28T04:23:56.150699,Direito,SUSPENDED,5.5,58,0
ff40051e-ac7b-4606-9ebd-e1d02f8b7d4e,2026-02-01T05:31:37.876657,Direito,GRADUATED,5.9,92,0
1002b363-3d50-4675-a9e4-aa829b23874c,2026-01-26T23:51:51.282431,Administração,SUSPENDED,8.4,73,100
39d96071-b930-48ce-9606-90de9b503edc,2026-01-20T15:41:10.372655,Ciência de Dados,ACTIVE,5.4,65,25
7f0d5da3-ad22-4f3f-87ed-2fc185be25cc,2026-01-21T04:52:06.343081,Administração,ACTIVE,9.5,92,0
66af374c-b865-490f-a0c2-e0c46ced42bf,2026-02-17T19:02:14.266718,Direito,DROPPED,8.1,74,0
d55d022a-7b77-4b44-a48b-445dcb2d5c5f,2026-02-16T23:09:48.849168,Ciência de Dados,GRADUATED,1.0,98,100
d32a3fc9-36f0-43ec-b8e6-909b58a5dfa4,2026-03-12T15:33:44.253264,Ciência de Dados,DROPPED,7.3,68,0
9ddd7719-6dce-477a-b150-663ac15b37ea,2026-02-14T10:24:27.681632,Ciência de Dados,GRADUATED,4.5,93,50
c22373fe-cedc-4c72-9ec9-9d38ba4e2949,2026-02-27T15:22:52.314720,Direito,SUSPENDED,3.2,78,25
8bc76fe8-b403-4fa1-b9f9-39eab442f793,2026-03-01T21:32:17.630291,Engenharia de Software,SUSPENDED,1.6,71,25
0b86147c-7d45-4a38-b315-6181c982ee50,2026-02-10T00:41:25.763037,Engenharia de Software,ACTIVE,7.0,54,25
f5978141-b7a0-4858-bee7-5399e77f3305,2026-03-28T12:40:43.959677,Ciência de Dados,SUSPENDED,7.7,51,100
07c850b3-77b9-4467-8b1d-6707da255e07,2026-03-27T13:39:55.257110,Administração,DROPPED,2.3,92,25
99b06be6-5832-47b9-a3b7-282293210481,2026-02-26T03:42:13.914014,Ciência de Dados,GRADUATED,4.7,75,50
c2b30a25-0bf5-469d-b7c3-cb5770cd7641,2026-01-08T11:06:32.416545,Administração,ACTIVE,2.5,94,25
03058b01-9a52-4baf-922b-3616ebd7c66f,2026-01-06T22:35:11.517174,Engenharia de Software,DROPPED,3.0,60,100
6fc8e41a-af75-4801-bae4-56cd70e109d9,2026-03-22T00:16:48.158339,Direito,DROPPED,0.4,82,0
1e5f5925-8634-4646-956c-425b907cf8d2,2026-03-10T02:34:23.451005,Engenharia de Software,ACTIVE,8.7,60,50
c7083ee0-02be-4c8e-8b92-0c046cd3ceac,2026-01-03T03:49:54.360398,Direito,DROPPED,3.3,87,0
f6574496-3333-47b9-9a49-335624ac0bb1,2026-01-01T18:09:18.181934,Ciência de Dados,GRADUATED,9.1,92,50
e40a70cf-008e-47a9-a8d0-c38182e32f2a,2026-02-24T23:40:26.092496,Administração,GRADUATED,0.6,78,50
ccf5df7e-2078-4cc5-9780-f3e09570f85e,2026-01-08T04:15:16.499383,Engenharia de Software,SUSPENDED,8.9,57,0
6a5bb900-5ccd-4ea7-867d-89bf05f07ebc,2026-02-10T12:58:59.181695,Engenharia de Software,GRADUATED,8.5,97,50
9086532c-6731-499e-ab8c-fb50e24dfec1,2026-02-10T09:49:23.964093,Direito,SUSPENDED,8.7,84,50
fd0b4a3e-4665-47db-8505-52cd65bad2a7,2026-03-07T02:44:18.639257,Ciência de Dados,DROPPED,1.8,70,25
677693cb-654a-45dd-b196-836c0902e8bb,2026-03-14T01:57:43.942977,Administração,DROPPED,6.6,82,50
d51ed42e-e4ff-4d60-9cd9-82a30fd2be14,2026-01-23T02:28:25.725387,Ciência de Dados,DROPPED,6.1,74,100
04863ece-2883-4d67-be96-9ddc3fecaf49,2026-02-24T20:23:06.008166,Direito,SUSPENDED,8.8,83,100
1a36c7ce-3b9e-40f0-bb73-627cf828f753,2026-03-09T10:52:35.989805,Ciência de Dados,DROPPED,7.6,64,100
8b928819-eb9f-48c2-9a4e-c56e3fd86978,2026-03-24T21:40:04.858606,Engenharia de Software,ACTIVE,0.4,65,25
4de7db61-05a2-412c-abd5-78d2cf8cd07a,2026-03-17T02:20:19.911956,Direito,SUSPENDED,0.1,91,100
82a78ae5-cb89-4f6a-bfe5-9e7d58418d4c,2026-02-14T17:51:44.193532,Direito,GRADUATED,7.7,96,0
d3bf9246-2271-4f19-b325-3701de02ef88,2026-01-12T02:22:33.613038,Engenharia de Software,SUSPENDED,7.9,51,100
392aa87d-0f6a-4b85-870c-190cf8f1a837,2026-02-12T10:18:17.104534,Engenharia de Software,ACTIVE,8.2,82,100
905f3ab5-4007-4d25-8e14-30f2345ad267,2026-01-13T22:29:57.614585,Ciência de Dados,GRADUATED,3.1,77,50
56190bd0-8980-4153-9b01-23d7fda59439,2026-01-31T01:11:29.361518,Administração,GRADUATED,3.5,71,25
55639acb-e986-4bcc-9a94-036f709fef15,2026-01-13T07:21:52.502895,Direito,ACTIVE,3.0,84,100
5659e9a3-8bbe-41b6-9749-c521c2c01db9,2026-01-25T02:07:16.777569,Administração,SUSPENDED,4.7,70,100
d0c4527f-4356-498e-95e7-7939cd4c7588,2026-03-13T19:06:03.027972,Direito,SUSPENDED,6.3,91,100
1b3fa15a-5a8f-48cc-8bd7-083bbe6f418a,2026-01-27T12:34:30.328120,Ciência de Dados,GRADUATED,8.5,56,100
3dfbe296-7b72-4941-a763-7d96c87abbeb,2026-02-24T00:53:55.267059,Engenharia de Software,GRADUATED,6.4,84,100
9961ab90-3bf4-44b8-b60d-32aa32782cc2,2026-02-14T12:25:02.260722,Direito,DROPPED,0.4,68,50
94180323-ab4e-421c-99f3-f1cbc0f3d8bd,2026-02-15T08:32:42.911089,Ciência de Dados,SUSPENDED,8.8,69,25
9ba4ca24-3966-4c2e-b956-bbd4e403a4ac,2026-01-18T22:16:45.430566,Administração,GRADUATED,8.4,99,25
2c52429e-9c2d-45d7-9c28-80d192b0961f,2026-03-16T08:20:37.691465,Engenharia de Software,SUSPENDED,5.1,98,100
ee77754f-b36e-4e3f-a054-e68b32d44590,2026-03-25T22:44:27.672776,Ciência de Dados,SUSPENDED,2.6,81,100
0f7e9212-0fc7-4038-a074-a2a63c0577bf,2026-01-17T11:11:48.085301,Direito,DROPPED,8.4,83,0
89ea0e44-9584-4603-b80a-1f6b17a28249,2026-02-02T18:08:34.631614,Administração,GRADUATED,9.5,60,100
f10c55d8-7499-4a92-ace8-82fcc818fd3b,2026-01-06T22:03:41.824546,Administração,SUSPENDED,9.9,74,25
5947336e-59fd-4649-9b70-864bf9e5a7e3,2026-03-21T07:48:57.650484,Ciência de Dados,ACTIVE,9.3,57,100
7fb42e5e-8192-4bd9-bd02-72d1bc08d122,2026-02-11T17:14:23.009055,Direito,GRADUATED,1.6,50,50
d554ba55-0526-48e8-8202-fcc6a55e42ad,2026-02-04T20:08:17.619587,Direito,GRADUATED,5.1,77,50
72eb0bce-364a-4ff7-a208-af64b02e7d87,2026-03-16T23:47:51.484852,Direito,GRADUATED,9.2,61,100
c4831521-59a8-4b24-82b6-f51fa92486c5,2026-02-25T16:47:45.595114,Administração,GRADUATED,2.0,70,100
a101e24e-b80f-43f9-a40f-21ec48e5fef1,2026-01-21T22:41:30.085415,Ciência de Dados,SUSPENDED,1.7,74,100
884bbff5-f59b-4bfc-a120-4a561a55eca7,2026-01-18T07:07:13.758132,Ciência de Dados,ACTIVE,1.6,87,25
c037a9ab-8639-4a53-95c5-afc3c5b4cdc5,2026-01-13T23:16:56.430166,Ciência de Dados,ACTIVE,8.1,84,100
32947c39-592e-4053-b487-569eceb97d5f,2026-03-11T07:56:42.730227,Direito,SUSPENDED,8.4,79,0
8bf187d3-3651-42de-a2ce-aaa101c4b38d,2026-02-13T09:38:04.068155,Ciência de Dados,ACTIVE,3.5,73,100
04b5b93f-26a1-4d08-8af7-38f323221c56,2026-02-04T17:54:29.804573,Administração,GRADUATED,9.6,77,25
912a0ce8-aeb2-402d-9e26-64eaeeeb2ae9,2026-03-27T00:25:48.206391,Engenharia de Software,GRADUATED,2.4,90,0
7f79db6b-d32d-4b2c-9945-b9da63cd58b2,2026-02-20T05:35:39.504576,Ciência de Dados,DROPPED,8.6,69,25
5462987c-30a2-4883-ab4a-ddfb307dac43,2026-03-05T12:53:53.742459,Direito,DROPPED,1.6,86,50
b6fb6b7b-941f-4e81-b67f-614793e8ce67,2026-01-20T07:02:16.052675,Administração,GRADUATED,6.8,58,0
23d30fcb-130f-461e-a478-3683c08d9e84,2026-02-27T19:46:51.894587,Ciência de Dados,GRADUATED,0.5,80,0
5a7bc62a-d744-4b77-a9c0-65fbdee118ec,2026-03-27T15:47:02.473609,Direito,GRADUATED,0.6,77,0
7bd7e1f5-9d9b-40ad-81db-2a26c25d3e58,2026-01-12T21:47:34.472803,Ciência de Dados,DROPPED,5.6,88,0
0c6fbd53-6458-4db8-b67d-9252c9ddcc10,2026-03-02T19:58:19.219729,Direito,DROPPED,8.5,62,0
63b553f9-a07d-4497-8d08-e776b9adb640,2026-02-11T18:39:34.924049,Administração,SUSPENDED,5.2,89,0
cfa2fdf3-a861-479d-b6dd-f56adb387780,2026-02-19T04:33:01.473318,Engenharia de Software,DROPPED,7.5,65,0
5a92f756-064f-4c99-9d15-53ab713dbd3f,2026-03-07T06:45:45.580656,Ciência de Dados,GRADUATED,9.2,64,25
ef436a88-0af5-4003-8d26-0532d50086a4,2026-01-03T04:06:47.386938,Administração,ACTIVE,5.0,100,100
521ec37a-e21a-427b-bc8c-91056741aa95,2026-03-24T18:30:02.040475,Direito,GRADUATED,4.9,74,50
0cd0861d-a6d1-45b4-9f5e-d11fc2504b7e,2026-01-10T07:58:54.235347,Administração,DROPPED,2.3,95,0
cf9cea63-6220-49c7-9314-fb8362b6f39d,2026-03-15T00:22:39.554037,Engenharia de Software,ACTIVE,4.4,50,50
4a04d791-afab-476d-962c-91dccfa97d34,2026-01-24T23:49:00.188132,Engenharia de Software,ACTIVE,8.9,59,100
97ef3ad1-fdc1-49f3-96f8-5c73df1bff2b,2026-02-28T03:33:30.540803,Administração,GRADUATED,1.1,97,50
6567facf-3afe-4af3-bf84-49efe1ac5a04,2026-03-24T21:32:32.686133,Engenharia de Software,DROPPED,6.9,50,25
798a4879-f961-48b5-98c8-3f4789de6971,2026-01-29T17:51:10.654574,Direito,SUSPENDED,8.0,100,25
7b4576bd-7635-431e-82c6-a358d6d7e693,2026-01-30T04:10:06.436275,Administração,DROPPED,1.9,88,0
ad49e201-40fc-4d5d-be2e-4b53c1a7ce43,2026-02-19T00:32:39.034045,Direito,ACTIVE,3.3,94,0
2fd74d80-e1ed-434e-9893-1ef4b96bb151,2026-02-22T06:38:31.261160,Ciência de Dados,DROPPED,2.2,69,25
a67254ea-bc92-4652-be18-4b022323470b,2026-01-20T12:34:00.490369,Engenharia de Software,SUSPENDED,7.7,81,100
68a7e9ba-1442-4734-9ec1-668af35ab31f,2026-02-19T04:27:07.264616,Engenharia de Software,DROPPED,1.0,65,0
9252cc48-1155-460c-b35d-2c7e48fe7d70,2026-01-08T22:42:13.760746,Ciência de Dados,SUSPENDED,2.4,92,25
1f2256db-0f34-4fae-a712-a3805f3124be,2026-03-03T06:43:04.731669,Administração,SUSPENDED,6.6,98,50
14702b8b-40d7-4d85-92b2-1b3a356d8cf2,2026-03-11T08:51:06.249607,Direito,SUSPENDED,3.5,68,25
07c54df1-77dc-47b7-8ffc-730b2b914d12,2026-01-21T03:15:05.499139,Direito,DROPPED,5.4,85,100
8411b5f7-389e-4504-9e2d-58f5bf3a0530,2026-03-18T07:42:13.989568,Direito,DROPPED,0.0,65,50
c50ee5a1-215c-4eef-a259-4d2862367cc0,2026-01-07T07:34:21.213400,Direito,GRADUATED,3.6,66,100
3f593971-2ca4-4fb3-9a59-409f581a5375,2026-02-18T22:57:44.382490,Direito,SUSPENDED,6.5,89,0
32d2faec-823b-4f91-bcb0-97a6690662ec,2026-01-06T17:01:32.677162,Ciência de Dados,GRADUATED,6.5,62,50
a1d70fef-b535-4203-9d82-25e9d2cf2527,2026-03-03T21:37:19.580062,Ciência de Dados,GRADUATED,6.5,64,100
facb43ed-580f-4ff9-9b68-227ab4e5888e,2026-02-08T21:22:40.012361,Administração,ACTIVE,10.0,51,25
3bd4b023-869b-4296-8536-a6e2542ea51e,2026-02-01T12:04:46.501650,Administração,DROPPED,9.2,62,50
091923af-28fd-4396-8803-59e50e43bcbe,2026-03-28T20:50:01.873494,Direito,ACTIVE,9.3,73,25
5eef120c-4139-490b-9376-4ceb09822bb2,2026-01-31T19:22:43.559181,Ciência de Dados,GRADUATED,0.0,60,100
b4d8c220-926a-484e-bbe9-495646064203,2026-03-06T22:18:49.703353,Ciência de Dados,ACTIVE,9.1,62,50
b4926f21-8db0-432a-8749-5572dbf44e5d,2026-02-13T04:02:15.786430,Engenharia de Software,GRADUATED,0.3,82,0
53ff55e3-7878-4f8c-8cb5-8159beb88d75,2026-02-06T07:45:11.760113,Engenharia de Software,DROPPED,7.2,62,50
26482c40-f6f3-4450-90d2-2511d0c4a625,2026-03-29T15:41:13.518245,Ciência de Dados,DROPPED,1.3,76,25
7aef71b2-286b-4f10-8dea-20fa24778a0f,2026-03-28T06:58:07.550052,Engenharia de Software,DROPPED,9.0,61,25
e48c3e9e-a869-41b5-ae72-5f9f005d7c64,2026-01-30T16:12:50.257669,Direito,SUSPENDED,0.6,97,0
9178073e-c217-4c65-935f-619ede338198,2026-01-05T22:10:55.445276,Engenharia de Software,SUSPENDED,0.0,70,0
4d4da065-6233-4cdc-a76c-2643e6372369,2026-01-26T17:28:47.512073,Administração,ACTIVE,3.8,61,0
455c91e5-7405-4c56-be77-da6c40b23ab2,2026-03-27T21:02:30.759938,Engenharia de Software,ACTIVE,6.4,73,0
43b07744-3721-4bf7-8351-b5a36875f60d,2026-01-31T16:20:06.910340,Engenharia de Software,GRADUATED,0.1,64,50
42899881-9451-4309-a33e-7fcb0a2166c5,2026-01-11T04:12:15.977224,Ciência de Dados,ACTIVE,1.9,58,25
076a619e-deef-4ee7-9dfb-957b3f8933d6,2026-03-10T16:57:02.895712,Direito,SUSPENDED,6.6,92,100
2d77dbc6-911d-4039-9be9-8e442d1d7589,2026-01-26T21:59:45.576766,Administração,DROPPED,2.3,63,0
57a8c71c-c2e0-4f27-a119-6509a2117f5c,2026-01-17T14:36:16.073786,Ciência de Dados,SUSPENDED,0.0,61,100
5795db93-e9cf-44fb-8877-e0d87ba85819,2026-02-21T02:42:28.480687,Engenharia de Software,GRADUATED,3.2,73,100
fce69593-ff08-4dd0-aa1e-fe3eafd06d8e,2026-01-22T13:25:12.654470,Direito,GRADUATED,6.3,62,0
7fb0cdea-a453-4d6d-a8c7-774b6d2bb82e,2026-03-16T20:55:16.284591,Direito,SUSPENDED,2.4,69,0
141ad95e-23e3-45bd-84cb-8d4d87d4a6f4,2026-02-28T17:03:46.092121,Direito,SUSPENDED,0.1,76,0
ee8aa833-6d6c-4ecf-8acc-d7b0bf2abbaf,2026-03-12T20:44:11.433260,Ciência de Dados,ACTIVE,5.2,87,100
90be80d3-b3dd-4a84-825e-3b24edd94a40,2026-03-14T02:17:09.604120,Administração,ACTIVE,4.1,77,50
f5f886ba-b37e-4abd-8cd0-0e3724dc3b94,2026-02-10T01:56:45.796586,Ciência de Dados,SUSPENDED,3.5,70,100
41da76e1-ba6c-45de-bdbd-b650eb000125,2026-01-05T16:33:28.627992,Ciência de Dados,SUSPENDED,2.7,73,0
f4837544-6de7-404a-a78d-bd279a938c6a,2026-01-28T09:05:32.904628,Ciência de Dados,GRADUATED,8.8,73,0
c52d6fa9-09b6-4e18-a5f5-73e7eea05cab,2026-01-05T23:05:57.840915,Ciência de Dados,SUSPENDED,3.8,55,0
1ae6b68a-5ab3-4a98-a015-271969a31eb5,2026-03-13T06:59:07.607595,Engenharia de Software,GRADUATED,8.6,61,25
23c170bd-1fe7-4daf-891c-4b8ade396593,2026-03-17T11:40:20.681765,Administração,SUSPENDED,9.7,70,0
50a6afe1-5128-4cf5-a3ed-a381c1a8840f,2026-03-30T00:47:33.598037,Direito,DROPPED,9.9,52,50
bcab93e5-7c21-4cbd-a6b4-55941af16618,2026-03-24T11:33:20.469851,Administração,DROPPED,5.4,58,25
be1c2e3c-29bc-48ba-af72-65ccb5201cdc,2026-02-22T14:20:16.956433,Administração,GRADUATED,3.1,77,0
08a0a341-dc2d-4323-a351-126a3f3a527c,2026-03-18T20:09:43.155129,Engenharia de Software,ACTIVE,1.2,65,100
bbb0aa52-9cf2-4dd1-8c79-32deefab1ccc,2026-01-09T23:27:07.949708,Administração,GRADUATED,7.5,59,50
7bf2c762-8c04-473c-9896-480de77283a1,2026-03-20T22:03:42.692831,Ciência de Dados,DROPPED,5.3,94,50
ca4384b4-a8c2-4a23-9cc9-9ba709a4be7e,2026-02-19T12:20:46.451437,Engenharia de Software,GRADUATED,8.1,93,50
a43bdb50-6fd5-471d-8f02-f5689bd4dd23,2026-02-05T08:42:09.959113,Ciência de Dados,SUSPENDED,3.9,65,0
71148d83-1ee3-4cc5-aa34-ec973bfbf02d,2026-03-03T22:47:52.814305,Engenharia de Software,DROPPED,1.2,74,50
73369474-417a-448a-b419-0d1bd5d5ec9a,2026-03-12T06:51:10.003721,Direito,DROPPED,1.2,50,0
fa82f068-cce9-4760-96df-c0404463c379,2026-02-24T14:37:28.708929,Administração,GRADUATED,7.3,65,100
8ad2a742-204e-48cf-94af-3a7b1d7edfd5,2026-01-23T08:27:15.675885,Direito,SUSPENDED,9.3,87,25
bfee672a-0595-4c14-860e-15f873724c89,2026-03-04T03:35:33.593784,Engenharia de Software,GRADUATED,5.5,94,0
ff5747ce-cf87-49cb-aaa1-561ac01e7620,2026-02-28T22:45:04.239680,Administração,DROPPED,2.5,56,0
a0cf2c1c-84b4-4309-858e-e5542c39adc7,2026-03-18T14:17:56.673625,Engenharia de Software,GRADUATED,0.7,92,25
214af531-2b2c-4ce1-9fd5-aa65ea2b43f2,2026-02-15T01:50:08.773847,Ciência de Dados,GRADUATED,5.0,52,0
9cc426c0-a4b7-4a7f-a017-5d8a02a49a3e,2026-01-30T21:36:51.090111,Direito,DROPPED,0.8,78,0
b2a2cbec-b19e-47e9-9f22-7838af7e6783,2026-01-27T01:16:08.480937,Direito,ACTIVE,2.0,85,50
2d002d9b-e83e-426b-964f-fdc94e1ffb21,2026-01-09T07:23:41.049186,Direito,DROPPED,1.2,67,100
8342c026-6d98-4d72-8c7f-f4582d203e31,2026-01-21T11:35:56.570872,Ciência de Dados,ACTIVE,0.5,62,100
e65d02c4-b064-4339-a2ce-46cb5667f135,2026-01-07T01:45:45.113430,Engenharia de Software,GRADUATED,2.3,73,0
a2c55351-885b-4cfd-b99b-928243f5f0b9,2026-01-10T22:40:11.722345,Administração,ACTIVE,1.3,87,25
9cb7e830-b1e0-4df6-a71f-c8fff067fcdb,2026-03-12T00:07:01.008322,Engenharia de Software,DROPPED,4.5,60,25
ca4123d0-413a-432c-8afa-a1758290ddc0,2026-01-11T09:58:49.798969,Ciência de Dados,SUSPENDED,6.1,54,25
b371fce5-6182-459d-8a91-265f878ccc2e,2026-02-20T15:08:57.257735,Engenharia de Software,ACTIVE,0.8,70,25
c61aa96e-8e79-4ad2-99e1-67243a7a3296,2026-01-27T13:50:24.654325,Engenharia de Software,GRADUATED,5.5,82,0
71a673c9-9fb4-498f-b0bc-ef73031144d0,2026-03-17T03:37:03.862706,Engenharia de Software,SUSPENDED,0.6,70,25
24fcff14-6976-424d-b577-b4e924ec27d0,2026-02-19T23:01:05.039963,Ciência de Dados,GRADUATED,7.5,84,50
32244529-ddeb-43c1-a384-f04b9e625ab5,2026-01-02T17:40:42.922256,Ciência de Dados,GRADUATED,2.7,75,25
2ccd92b2-8e13-46e9-8a51-cb0b2059dcac,2026-01-30T16:21:12.051795,Ciência de Dados,ACTIVE,6.8,58,25
df531e12-518c-4607-92f4-72ce092eb916,2026-02-15T07:32:53.079490,Engenharia de Software,SUSPENDED,3.7,81,50
9c2262f9-226d-4800-a39e-318a2c11b14d,2026-02-14T13:24:38.114070,Direito,SUSPENDED,2.4,66,50
b301393f-c8df-4c89-bea0-2cbaecc20149,2026-02-24T08:24:49.370117,Direito,GRADUATED,6.8,56,50
40281d96-f317-4344-a96e-5ed7b5594a49,2026-03-25T20:01:13.717264,Direito,ACTIVE,6.6,98,100
a0a947ab-c704-4bdd-a4d5-06ea2b369e80,2026-02-23T17:11:38.031625,Administração,DROPPED,3.8,52,0
abd5dc98-6691-4e1d-a2ac-1187ec5da456,2026-01-24T08:51:33.108641,Direito,DROPPED,1.2,83,100
70e90513-7adb-4ee3-b34b-376db8f9ff3d,2026-01-29T23:57:48.762649,Administração,SUSPENDED,9.2,83,25
15c42e10-2163-4162-a8d7-cb2aa0746dfc,2026-01-05T22:08:06.841997,Administração,GRADUATED,0.3,56,25
7cb474ec-feb1-4a42-86b0-e3e9bad353e4,2026-03-24T10:55:53.041883,Engenharia de Software,SUSPENDED,9.5,72,100
2425b68b-bb8e-4a0d-aafb-82c339251a25,2026-03-28T17:36:12.953083,Direito,GRADUATED,7.7,73,25
a6daa594-94d4-43eb-a063-4a5ec1eb9704,2026-02-20T17:29:37.316092,Ciência de Dados,ACTIVE,0.9,84,100
e27af33a-a71f-4a7b-8502-5d2eb7201b6f,2026-03-25T10:10:52.398510,Ciência de Dados,DROPPED,0.1,79,50
1b2f2d69-9d66-4454-9ed8-5d8f9b205d03,2026-02-01T18:56:25.683596,Engenharia de Software,GRADUATED,0.7,100,50
8b54f7c3-1b5e-4f40-8e7c-3d2437d25eae,2026-02-24T11:13:48.534395,Direito,SUSPENDED,0.3,88,100
2d29b794-f649-4e45-ab6e-ec89f889050c,2026-02-02T02:58:24.868251,Engenharia de Software,ACTIVE,1.2,97,50
97f80834-af2f-4d78-b976-1d1a1f855ad2,2026-02-04T17:30:07.113329,Direito,GRADUATED,5.4,93,50
80779490-9baf-4830-887d-e1313a6c16d9,2026-01-20T09:00:44.951343,Direito,GRADUATED,3.0,95,100
5173c456-e74a-468f-baf3-f2deb5f189d6,2026-03-05T13:03:34.942297,Engenharia de Software,ACTIVE,0.6,91,25
6d21fb61-f7e5-4d7d-b505-2ee57345570c,2026-02-22T18:28:03.584508,Administração,SUSPENDED,2.3,93,100
da99035c-fe08-400f-a7cd-dd781eabcfc0,2026-03-10T23:29:02.112789,Administração,DROPPED,5.8,85,0
b1612e8f-5f74-4788-a131-57bf7030b9ae,2026-01-14T06:07:48.295807,Administração,DROPPED,4.6,51,50
2b802562-26ba-4815-b4ad-ac41ad69cf4b,2026-02-11T15:02:37.394096,Administração,ACTIVE,3.5,62,25
88a868a2-955f-4683-bd38-95da66d29eff,2026-01-24T06:30:04.675807,Direito,GRADUATED,8.9,54,25
c4b3bfb1-07dd-4283-b95d-17112aa42041,2026-01-09T10:16:21.040975,Ciência de Dados,GRADUATED,6.4,69,0
32da04a2-7d33-4d76-ae58-b0958e841fd1,2026-03-24T16:53:39.788868,Direito,GRADUATED,0.8,99,50
29cd5960-f697-464c-9fbe-41b0799e3063,2026-01-14T17:47:16.006105,Engenharia de Software,ACTIVE,1.4,59,25
66093a6c-6293-442f-8170-f9cfd92d6171,2026-02-21T12:20:44.045974,Direito,SUSPENDED,5.5,78,0
9cfec276-0725-4c88-9a86-ff206b0eb9cb,2026-03-06T01:16:29.770777,Direito,GRADUATED,7.6,74,50
7f721ff4-beb1-4d99-8d67-231bf0de1590,2026-02-25T17:24:46.343292,Administração,GRADUATED,4.5,70,25
9ea24d13-8d26-4e6f-97da-d21832d13839,2026-01-10T03:28:06.960636,Administração,DROPPED,6.9,90,50
c00a33be-eccd-4040-b66a-2e3605bf0790,2026-03-07T14:52:27.016299,Engenharia de Software,ACTIVE,3.5,94,100
86bc0711-d87d-4724-b50f-b3e1fda3bfdd,2026-03-03T04:31:59.566019,Engenharia de Software,ACTIVE,7.4,98,100
dc24aad2-b455-4344-a71c-ed62b92e3d56,2026-03-10T22:07:42.785637,Administração,GRADUATED,6.1,61,0
b98a326d-6d0c-429b-9735-7a62f2298eb5,2026-03-06T06:52:24.779541,Administração,DROPPED,2.7,59,100
ffe5d6b1-7890-4bb6-a3b7-151f059560df,2026-03-08T02:40:32.099246,Direito,SUSPENDED,1.9,91,100
ce8aa707-87f0-4010-b370-1eb653fea711,2026-02-27T19:36:37.593666,Administração,SUSPENDED,3.6,56,0
6aced9b6-f36b-4020-aebb-a699d67f0949,2026-03-29T16:14:16.396592,Ciência de Dados,DROPPED,6.5,89,50
cef46ff9-eadc-45b8-be58-5bcbb26264fb,2026-03-19T00:08:16.992247,Engenharia de Software,SUSPENDED,5.2,83,0
b1fc0e52-3e22-42e9-a3ff-1a2e665ff4aa,2026-01-17T23:30:27.747090,Engenharia de Software,SUSPENDED,6.9,51,50
83dc1270-c8c0-4579-a7ac-ab9b779ec7fd,2026-02-09T13:51:01.459547,Ciência de Dados,DROPPED,0.8,58,50
7566909c-d33d-4dbf-a9d1-9279ed22ee84,2026-01-15T17:52:10.662732,Engenharia de Software,ACTIVE,2.8,76,0
86bf5013-d2c0-410e-a7e2-93866eb2acc1,2026-02-12T23:33:19.091226,Administração,ACTIVE,2.5,70,25
78b48697-f88c-4d6d-b6a3-78cd148e742f,2026-01-03T22:28:22.811675,Direito,GRADUATED,4.4,79,0
776d4258-ec5a-4ba0-986a-c29a7eb20819,2026-01-04T08:58:17.362792,Administração,SUSPENDED,1.0,70,0
db17c26f-0d9e-417e-93e9-8a6c5ea5a6bb,2026-01-27T02:44:50.557926,Administração,DROPPED,3.6,95,100
407a7f41-9df1-4aec-836e-85e883cc97ba,2026-01-02T07:31:32.164712,Ciência de Dados,SUSPENDED,2.9,95,25
a254a1a2-efdc-425e-9457-36115c411599,2026-02-21T18:39:56.034718,Administração,GRADUATED,2.7,77,0
d3fd7445-f251-4787-bf87-ac10cfea221d,2026-01-13T07:44:14.016004,Ciência de Dados,ACTIVE,6.1,80,0
bb019ed5-4bf7-4543-9173-36680258c51f,2026-03-17T03:04:36.559349,Administração,SUSPENDED,8.2,77,25
bf141f01-ac46-4541-a15f-324dae0ff7d9,2026-03-22T22:54:23.981925,Direito,DROPPED,1.0,50,0
feb4ef35-dd84-4d26-9f55-c5aff3093fc5,2026-02-13T11:22:22.547907,Engenharia de Software,ACTIVE,8.8,92,25
c1229e91-2ded-408c-bc82-429d405a5774,2026-03-20T09:40:37.686582,Direito,DROPPED,3.2,68,0
e8657c95-ed86-4a14-b169-36949b510b50,2026-02-13T09:54:59.690684,Ciência de Dados,DROPPED,7.9,72,25
35bfc999-cb32-42e3-a1a6-c7c72e1b84c8,2026-03-12T20:46:45.999543,Engenharia de Software,SUSPENDED,0.1,97,25
6d76abb2-44b3-44d8-a5e6-5b38df3d4c93,2026-01-29T21:35:24.549428,Engenharia de Software,ACTIVE,6.3,71,25
684d4a68-ef81-4070-a580-74c87931175f,2026-02-08T15:41:08.980383,Ciência de Dados,SUSPENDED,6.7,67,25
efcb158d-1a44-48c7-a7b1-8886c2bc6fc2,2026-02-17T02:11:34.966647,Administração,GRADUATED,3.3,97,0
c500a057-0e56-48bc-aedb-16107f13a5e1,2026-01-30T03:48:30.118565,Administração,ACTIVE,10.0,100,100
3eb8ca04-e038-4acc-b374-ecf3d61eee00,2026-02-19T08:35:10.345656,Engenharia de Software,GRADUATED,0.7,66,100
dc477e61-63b7-44ce-aa48-71a4809e7a8f,2026-01-26T07:57:16.561217,Administração,ACTIVE,8.1,59,100
0ffb9675-6ef5-4260-98b3-37f743f43b5c,2026-02-12T22:14:30.289809,Ciência de Dados,DROPPED,7.5,76,50
39265059-4d05-4d00-aff7-f2de5892da41,2026-02-14T20:01:58.561396,Direito,SUSPENDED,4.8,97,50
013b729c-e084-4750-8cad-efa8f2bf4996,2026-01-17T17:45:04.266011,Administração,GRADUATED,9.7,87,0
d2750013-a61d-4f36-93a6-fcc4c0a8cec4,2026-03-04T17:08:55.892221,Ciência de Dados,SUSPENDED,5.7,55,0
cfa0dfab-88e7-476e-a41c-3ce66e4eddad,2026-01-13T11:52:33.087067,Administração,GRADUATED,0.7,89,0
5f29601c-844b-4620-b809-bc74f5ef56cf,2026-01-31T11:00:42.475377,Engenharia de Software,GRADUATED,1.5,59,0
29cb0c01-fd27-4509-b20b-bf82b62ea0f1,2026-03-20T17:26:41.192976,Engenharia de Software,GRADUATED,10.0,55,25
f2955597-7c55-4a65-b2ab-fddbf47637a0,2026-01-04T05:52:52.468217,Ciência de Dados,SUSPENDED,7.8,71,25
de2acf37-a5c7-46a3-8a2b-dd447f19fbfa,2026-03-30T00:09:42.827246,Administração,GRADUATED,2.0,89,50
8f221c39-8354-4538-b506-cf18e7dd6492,2026-01-15T01:06:05.667033,Ciência de Dados,ACTIVE,2.4,72,0
d5aad977-16fc-4cbd-b1f2-5deb8ae279cd,2026-03-25T22:16:28.174005,Administração,GRADUATED,7.7,96,50
865faa19-dd6e-4be4-a875-4ae71837222f,2026-01-16T11:38:17.223136,Administração,SUSPENDED,7.4,90,25
278cccb4-e507-4396-b26a-0a790d5f143b,2026-03-05T14:27:09.536729,Direito,DROPPED,9.3,79,25
00334049-d996-4c99-b94a-848063fe71f3,2026-02-06T08:50:26.309196,Direito,SUSPENDED,5.3,63,25
7acc9821-3e00-4ab0-ad04-8df1eb0378fa,2026-02-24T04:56:07.929747,Ciência de Dados,DROPPED,8.9,71,50
69cc0087-6a6f-4230-990b-4da5c8bbe566,2026-01-17T04:47:05.764454,Direito,DROPPED,5.6,87,100
54e6e711-3d69-40cb-8046-44de3fda5035,2026-01-29T05:13:31.067041,Engenharia de Software,SUSPENDED,8.6,88,50
d25f204a-5266-4ab5-907a-79948cad25dc,2026-01-24T05:50:34.343811,Engenharia de Software,GRADUATED,4.5,80,100
a39cb89c-eea1-4a2d-877d-61bedb14db8b,2026-01-03T16:01:37.024462,Direito,DROPPED,8.9,52,100
cf1b8225-9a2c-4b0e-8c42-f34a0bb1dfab,2026-02-21T20:10:16.313769,Engenharia de Software,GRADUATED,2.5,95,0
0b88aff3-8e5b-4b2b-b42a-20b0a08b3f9d,2026-03-28T03:32:19.938648,Engenharia de Software,SUSPENDED,1.6,94,0
f736a428-cfc3-4167-ab8c-8132613a2300,2026-03-14T18:23:29.878760,Engenharia de Software,GRADUATED,1.6,76,25
ea5ae3d0-454d-4b26-be42-2fcf646f5d1f,2026-03-23T12:33:28.364735,Direito,ACTIVE,0.0,98,25
f24343fa-27f8-4412-9a0d-590f9284576f,2026-03-23T06:16:07.019696,Ciência de Dados,DROPPED,1.0,69,50
8af3dae7-7c4e-460a-8b5c-d1c7075d7fae,2026-02-24T08:20:07.051665,Administração,DROPPED,8.8,67,0
1d80a40e-f910-4723-96d2-862ee5c816ba,2026-02-02T16:39:42.564990,Ciência de Dados,SUSPENDED,1.7,80,100
b436dc7c-06ba-455c-b229-fc7e93cc5f13,2026-02-19T23:04:18.364290,Direito,GRADUATED,4.6,54,25
29a0c099-9db3-4494-a553-69fc3392a06c,2026-03-20T19:25:22.865185,Engenharia de Software,DROPPED,2.1,94,50
c6d027bb-5937-4341-a287-81ca9171d22b,2026-02-04T20:18:23.456957,Administração,GRADUATED,6.9,84,25
19415b65-f26f-4dc4-b638-464bd5a6428d,2026-01-19T01:22:18.310987,Administração,ACTIVE,5.3,59,0
5c01204f-a52a-40ec-9ef7-e47aa314c7dc,2026-03-11T18:10:45.085186,Engenharia de Software,ACTIVE,8.0,100,0
49641c18-421b-406c-bfed-87dfd95b4306,2026-02-19T09:29:31.908918,Direito,SUSPENDED,3.1,92,0
6eb1aa71-fc1f-4c42-aa21-4bce2a8ce0f2,2026-03-01T14:04:30.485266,Ciência de Dados,SUSPENDED,7.1,88,0
c1804ad8-3a35-46d0-b7ea-15ca614967e3,2026-01-26T03:45:29.085114,Direito,SUSPENDED,8.1,77,0
00f543bf-662c-40b6-8896-5ff53ae7b528,2026-01-09T06:20:24.843267,Administração,DROPPED,9.3,58,100
df516c39-e9ad-4d7a-bd30-4d45998a6f42,2026-03-23T04:00:52.717701,Engenharia de Software,GRADUATED,7.9,88,50
bb4fe285-2c6e-485a-a25c-ba001f505a68,2026-01-07T14:20:16.842835,Administração,ACTIVE,7.7,64,50
692e7e03-e3f8-4fd5-8e19-8f2a79127ddb,2026-01-31T13:17:50.566676,Administração,ACTIVE,1.5,93,25
9c1badf0-46b4-4b58-92b9-5eae08699f8a,2026-01-27T20:49:24.887647,Ciência de Dados,GRADUATED,9.4,80,50
3b2dbfb2-7019-44ac-a847-abdd9fde1a91,2026-03-16T09:02:32.433827,Direito,SUSPENDED,1.7,99,0
52800d01-ae0c-4c88-b6ef-359dfb83d553,2026-03-17T21:51:32.318722,Direito,SUSPENDED,8.8,93,50
f02fe499-0945-4a94-952c-a0af7007f2aa,2026-03-01T11:37:54.868339,Administração,SUSPENDED,0.0,93,25
a10deb15-26ad-4428-aefe-139e5e41a6c6,2026-01-15T08:14:47.876422,Ciência de Dados,GRADUATED,9.5,96,0
c6a8293a-89ad-4863-b992-cc8dd5a4853b,2026-03-14T00:35:49.777531,Engenharia de Software,SUSPENDED,7.4,97,25
a7cd53ec-d4fc-4656-b6a1-129f08372ee1,2026-01-03T23:01:25.457355,Engenharia de Software,SUSPENDED,1.3,68,100
